periodo,fecha_sbs,entidad,tasa_pasiva,ipc,tasa_mensual_pct,vf_nominal,vf_real
2018-01-31,2018-01-31,Alfin,1.0,88.594648523903,0.08295381143461622,1000.8295381143462,1000.8295381143462
2018-01-31,2018-01-31,BBVA,0.47,88.594648523903,0.03908254762277075,1000.3908254762277,1000.3908254762277
2018-01-31,2018-01-31,BIF,1.33,88.594648523903,0.11016339761076299,1001.1016339761077,1001.1016339761077
2018-01-31,2018-01-31,Bancom,1.44,88.594648523903,0.11921521074573782,1001.1921521074573,1001.1921521074573
2018-01-31,2018-01-31,Citibank,0.67,88.594648523903,0.05566260882747809,1000.5566260882748,1000.5566260882748
2018-01-31,2018-01-31,Falabella,2.5,88.594648523903,0.20598362698427408,1002.0598362698428,1002.0598362698428
2018-01-31,2018-01-31,GNB,3.74,88.594648523903,0.30644845397465037,1003.0644845397466,1003.0644845397466
2018-01-31,2018-01-31,Interbank,0.26,88.594648523903,0.02164089003005021,1000.2164089003005,1000.2164089003005
2018-01-31,2018-01-31,Pichincha,0.6,88.594648523903,0.04986302478813265,1000.4986302478814,1000.4986302478814
2018-01-31,2018-01-31,Ripley,0.76,88.594648523903,0.06311378751067132,1000.6311378751067,1000.6311378751067
2018-01-31,2018-01-31,Scotiabank,2.52,88.594648523903,0.20761284687424997,1002.0761284687425,1002.0761284687425
2018-02-28,2018-02-28,Alfin,1.0,88.8163305147703,0.08295381143461622,1001.6597643621755,999.1596618534533
2018-02-28,2018-02-28,BBVA,0.34,88.8163305147703,0.028289276228066207,1000.6738288002068,998.1761871470162
2018-02-28,2018-02-28,BIF,1.69,88.8163305147703,0.13975409693907093,1002.5007145241132,999.99851303759
2018-02-28,2018-02-28,Bancom,1.4,88.8163305147703,0.11592468385308585,1002.3527809445499,999.8509486942949
2018-02-28,2018-02-28,Citibank,0.93,88.8163305147703,0.07717160582849658,1001.3287717038506,998.829495339499
2018-02-28,2018-02-28,Falabella,2.5,88.8163305147703,0.20598362698427408,1004.123915465144,1001.6176625343189
2018-02-28,2018-02-28,GNB,3.94,88.8163305147703,0.32254927088173346,1006.299861721103,1003.7881777158882
2018-02-28,2018-02-28,Interbank,0.37,88.8163305147703,0.030781168409865778,1000.5242871975872,998.0270187942258
2018-02-28,2018-02-28,Pichincha,0.57,88.8163305147703,0.047376356288175714,1000.9726300436059,998.4742425945226
2018-02-28,2018-02-28,Ripley,0.76,88.8163305147703,0.06311378751067132,1001.2626740852309,998.7635626978783
2018-02-28,2018-02-28,Scotiabank,2.67,88.8163305147703,0.21982271766594064,1004.2789194474242,1001.7722796328899
2018-03-31,2018-03-28,Alfin,1.0,89.2489764935573,0.08295381143461622,1002.4906793143209,995.1409290251347
2018-03-31,2018-03-28,BBVA,0.22,89.2489764935573,0.01831487316386049,1000.8571009427357,993.5193272168799
2018-03-31,2018-03-28,BIF,1.44,89.2489764935573,0.11921521074573782,1003.6958478636607,996.3372618934285
2018-03-31,2018-03-28,Bancom,1.43,89.2489764935573,0.1183926905437227,1003.5394933706499,996.1820537118039
2018-03-31,2018-03-28,Citibank,0.65,89.2489764935573,0.054005962118885975,1001.8695489409826,994.5243524628544
2018-03-31,2018-03-28,Falabella,2.5,89.2489764935573,0.20598362698427408,1006.1922463256357,998.8153580352957
2018-03-31,2018-03-28,GNB,3.87,89.2489764935573,0.31691721789193217,1009.4889992465199,1002.0879408454412
2018-03-31,2018-03-28,Interbank,0.37,89.2489764935573,0.030781168409865778,1000.8322602634112,993.4946686567449
2018-03-31,2018-03-28,Pichincha,0.55,89.2489764935573,0.04571819950607292,1001.4302567076105,994.088280896054
2018-03-31,2018-03-28,Ripley,0.76,89.2489764935573,0.06311378751067132,1001.8946088817767,994.5492286769457
2018-03-31,2018-03-28,Scotiabank,2.47,89.2489764935573,0.20353925068166134,1006.3230212348213,998.9451741695557
2018-04-30,2018-04-30,Alfin,1.0,89.1266401691656,0.08295381143461622,1003.3222835420889,997.3335121563721
2018-04-30,2018-04-30,BBVA,0.23,89.1266401691656,0.01914649144576508,1001.048729961952,995.0735292831235
2018-04-30,2018-04-30,BIF,1.34,89.1266401691656,0.11098666182609573,1004.8098163800915,998.81216599882
2018-04-30,2018-04-30,Bancom,1.47,89.1266401691656,0.12168232546390101,1004.7606235631318,998.7632668108761
2018-04-30,2018-04-30,Citibank,0.66,89.1266401691656,0.054834323189068,1002.4189173273817,996.4355380811859
2018-04-30,2018-04-30,Falabella,2.5,89.1266401691656,0.20598362698427408,1008.2648376090517,1002.246564410354
2018-04-30,2018-04-30,GNB,3.86,89.1266401691656,0.31611235488977485,1012.6801186943912,1006.6354909439633
2018-04-30,2018-04-30,Interbank,0.56,89.1266401691656,0.04654731568494164,1001.2981208150728,995.3214315369883
2018-04-30,2018-04-30,Pichincha,0.55,89.1266401691656,0.04571819950607292,1001.8880925902862,995.9078818055594
2018-04-30,2018-04-30,Ripley,0.76,89.1266401691656,0.06311378751067132,1002.526942516307,996.542918474146
2018-04-30,2018-04-30,Scotiabank,1.54,89.1266401691656,0.12743632726075482,1007.6054423334624,1001.5911050261758
2018-05-31,2018-05-31,Alfin,1.0,89.1430886514034,0.08295381143461622,1004.15457761726,997.9766599243683
2018-05-31,2018-05-31,BBVA,0.24,89.1430886514034,0.019978033674417084,1001.2487198143209,995.0886799967424
2018-05-31,2018-05-31,BIF,1.16,89.1430886514034,0.09615649919465508,1005.7760063230869,999.5881130215461
2018-05-31,2018-05-31,Bancom,1.42,89.1430886514034,0.11757009600361634,1005.9419215928616,999.7530075213084
2018-05-31,2018-05-31,Citibank,0.59,89.1430886514034,0.04903421082538273,1002.9104455326574,996.7401821848127
2018-05-31,2018-05-31,Falabella,2.5,89.1430886514034,0.20598362698427408,1010.3416980911659,1004.1257150227873
2018-05-31,2018-05-31,GNB,3.71,89.1430886514034,0.30403087768253734,1015.7589789473744,1009.5096668318602
2018-05-31,2018-05-31,Interbank,0.61,89.1430886514034,0.0506917632328463,1001.8056964877313,995.6422299506796
2018-05-31,2018-05-31,Pichincha,0.55,89.1430886514034,0.04571819950607292,1002.3461377872842,996.1793462622865
2018-05-31,2018-05-31,Ripley,0.76,89.1430886514034,0.06311378751067132,1003.1596752405441,996.9878785425
2018-05-31,2018-05-31,Scotiabank,1.48,89.1430886514034,0.12250454845410541,1008.8398048307921,1002.6330619462985
2018-06-30,2018-06-28,Alfin,1.0,89.440878461853,0.08295381143461622,1004.9875621120888,995.4790400922681
2018-06-30,2018-06-28,BBVA,0.24,89.440878461853,0.019978033674417084,1001.44874962073,991.9737094844338
2018-06-30,2018-06-28,BIF,1.15,89.440878461853,0.09533189220309879,1006.7348316212394,997.2097781026931
2018-06-30,2018-06-28,Bancom,1.48,89.440878461853,0.12250454845410541,1007.1742462016196,997.6450352353885
2018-06-30,2018-06-28,Citibank,0.43,89.440878461853,0.03576290521232206,1003.2691154446578,993.7768522210583
2018-06-30,2018-06-28,Falabella,2.5,89.440878461853,0.20598362698427408,1012.4228365658286,1002.8439669382045
2018-06-30,2018-06-28,GNB,4.06,89.440878461853,0.3321961347044766,1019.1332910133513,1009.490931541392
2018-06-30,2018-06-28,Interbank,0.39,89.440878461853,0.032442050589875926,1002.1307027985981,992.6492104761727
2018-06-30,2018-06-28,Pichincha,0.54,89.440878461853,0.04488900773715887,1002.7960810226286,993.3082933352323
2018-06-30,2018-06-28,Ripley,0.76,89.440878461853,0.06311378751067132,1003.7928073063682,994.2955892596581
2018-06-30,2018-06-28,Scotiabank,1.51,89.440878461853,0.12497077187358929,1010.100559721857,1000.5436619288502
2018-07-31,2018-07-31,Alfin,1.01,89.7832456102935,0.08377954090970086,1005.8295360778258,992.513843958866
2018-07-31,2018-07-31,BBVA,0.25,89.7832456102935,0.020809499864316017,1001.6571460969235,988.3966902365872
2018-07-31,2018-07-31,BIF,1.24,89.7832456102935,0.10275066643834485,1007.7692583699973,994.4278872031349
2018-07-31,2018-07-31,Bancom,1.42,89.7832456102935,0.11757009600361634,1008.3583819298026,995.0092116402648
2018-07-31,2018-07-31,Citibank,0.69,89.7832456102935,0.05731895386635877,1003.844178806095,990.5547698745227
2018-07-31,2018-07-31,Falabella,2.5,89.7832456102935,0.20598362698427408,1014.5082618450039,1001.077676261341
2018-07-31,2018-07-31,GNB,3.81,89.7832456102935,0.3120869740134813,1022.3138732624388,1008.7799529538484
2018-07-31,2018-07-31,Interbank,0.32,89.7832456102935,0.026627635329945498,1002.3975465076688,989.127288843388
2018-07-31,2018-07-31,Pichincha,0.76,89.7832456102935,0.06311378751067132,1003.4289836103707,990.1450712477468
2018-07-31,2018-07-31,Ripley,0.76,89.7832456102935,0.06311378751067132,1004.426338965819,991.1292230966665
2018-07-31,2018-07-31,Scotiabank,1.6,89.7832456102935,0.1323654354508319,1011.4375837262241,998.0476493691951
2018-08-31,2018-08-29,Alfin,1.02,89.9015505324364,0.08460519545316902,1006.6805201227502,992.0463699228023
2018-08-31,2018-08-29,BBVA,0.26,89.9015505324364,0.02164089003005021,1001.8739136183885,987.3096372265962
2018-08-31,2018-08-29,BIF,1.32,89.9015505324364,0.10934005891671816,1008.8711538708437,994.2051583508943
2018-08-31,2018-08-29,Bancom,1.42,89.9015505324364,0.11757009600361634,1009.5439098474978,994.8681344502056
2018-08-31,2018-08-29,Citibank,0.56,89.9015505324364,0.04654731568494164,1004.3114413249888,989.7117305070186
2018-08-31,2018-08-29,Falabella,2.5,89.9015505324364,0.20598362698427408,1016.5979827588075,1001.8196620549934
2018-08-31,2018-08-29,GNB,3.74,89.9015505324364,0.30644845397465037,1025.44673832182,1010.5397829465255
2018-08-31,2018-08-29,Interbank,0.47,89.9015505324364,0.03908254762277075,1002.7893090061522,988.2117254793462
2018-08-31,2018-08-29,Pichincha,0.83,89.9015505324364,0.0689049320240942,1004.1203956694376,989.5234620888953
2018-08-31,2018-08-29,Ripley,0.76,89.9015505324364,0.06311378751067132,1005.0602704710951,990.4496738974367
2018-08-31,2018-08-29,Scotiabank,2.57,89.9015505324364,0.21168462230236607,1013.5786415551593,998.8442131208348
2018-09-30,2018-09-28,Alfin,1.0,90.0738752726222,0.08295381143461622,1007.5155999831618,990.9698033164123
2018-09-30,2018-09-28,BBVA,0.26,90.0738752726222,0.02164089003005021,1002.0907280502745,985.6340206521638
2018-09-30,2018-09-28,BIF,1.02,90.0738752726222,0.08460519545316902,1009.7247112824468,993.1426357666425
2018-09-30,2018-09-28,Bancom,1.46,90.0738752726222,0.12086002819180486,1010.7640449015482,994.1649010617092
2018-09-30,2018-09-28,Citibank,0.57,90.0738752726222,0.047376356288175714,1004.7872474916737,988.2862568463497
2018-09-30,2018-09-28,Falabella,2.5,90.0738752726222,0.20598362698427408,1018.692008155543,1001.9626683485305
2018-09-30,2018-09-28,GNB,3.37,90.0738752726222,0.2765867856804771,1028.2829884942096,1011.3961420336813
2018-09-30,2018-09-28,Interbank,0.47,90.0738752726222,0.03908254762277075,1003.1812246154007,986.706608676288
2018-09-30,2018-09-28,Pichincha,1.02,90.0738752726222,0.08460519545316902,1004.9699336927789,988.4659429065764
2018-09-30,2018-09-28,Ripley,0.76,90.0738752726222,0.06311378751067132,1005.6946020745545,989.1787105141149
2018-09-30,2018-09-28,Scotiabank,2.76,90.0738752726222,0.22714079351586758,1015.8808921244951,999.1977175125993
2018-10-31,2018-10-31,Alfin,1.0,90.1474507938922,0.08295381143461622,1008.3513725741462,990.9823811440974
2018-10-31,2018-10-31,BBVA,0.36,90.1474507938922,0.0299506135519767,1002.3908603716729,985.1245395861826
2018-10-31,2018-10-31,BIF,0.99,90.1474507938922,0.08212800701368206,1010.5539780641477,993.1470464508254
2018-10-31,2018-10-31,Bancom,1.41,90.1474507938922,0.11674742711142994,1011.9440859181383,994.5132095053547
2018-10-31,2018-10-31,Citibank,0.63,90.1474507938922,0.05234901362565214,1005.3132437047718,987.9965844634132
2018-10-31,2018-10-31,Falabella,2.5,90.1474507938922,0.20598362698427408,1020.7903469017408,1003.2070924237398
2018-10-31,2018-10-31,GNB,3.47,90.1474507938922,0.28466715655732777,1031.2101724389186,1013.4474350292924
2018-10-31,2018-10-31,Interbank,0.83,90.1474507938922,0.0689049320240942,1003.8724659563003,986.580624310322
2018-10-31,2018-10-31,Pichincha,1.06,90.1474507938922,0.0879070645950275,1005.8533732615509,988.5274102141005
2018-10-31,2018-10-31,Ripley,0.76,90.1474507938922,0.06311378751067132,1006.329334028714,988.9951724914209
2018-10-31,2018-10-31,Scotiabank,2.65,90.1474507938922,0.218195680041533,1018.0975003454782,1000.5606305207144
2018-11-30,2018-11-30,Alfin,1.0,90.2578255325897,0.08295381143461622,1009.1878384703497,990.5915782515161
2018-11-30,2018-11-30,BBVA,0.26,90.2578255325897,0.02164089003005021,1002.6077866754373,984.1327767836162
2018-11-30,2018-11-30,BIF,1.09,90.2578255325897,0.09038268036556385,1011.4673438360628,992.8290792714225
2018-11-30,2018-11-30,Bancom,1.4,90.2578255325897,0.11592468385308585,1013.1171789005089,994.4485128971997
2018-11-30,2018-11-30,Citibank,0.6,90.2578255325897,0.04986302478813265,1005.8145232966787,987.2804230092062
2018-11-30,2018-11-30,Falabella,2.5,90.2578255325897,0.20598362698427408,1022.8930078821943,1004.0442031052414
2018-11-30,2018-11-30,GNB,3.12,90.2578255325897,0.25635446626290914,1033.8537257725234,1014.8029483257624
2018-11-30,2018-11-30,Interbank,0.83,90.2578255325897,0.0689049320240942,1004.5641835965762,986.0531232641434
2018-11-30,2018-11-30,Pichincha,1.04,90.2578255325897,0.08625627980207717,1006.7209849615899,988.1701813446117
2018-11-30,2018-11-30,Ripley,0.75,90.2578255325897,0.06228618011265841,1006.9561381302336,988.4010013560882
2018-11-30,2018-11-30,Scotiabank,2.56,90.2578255325897,0.21087041279623797,1020.2443667471248,1001.444368364677
2018-12-31,2018-12-31,Alfin,1.01,90.4218937443323,0.08377954090970086,1010.0333314083367,989.6225824086694
2018-12-31,2018-12-31,BBVA,0.31,90.4218937443323,0.025796701004310307,1002.8664264084119,982.6005061926164
2018-12-31,2018-12-31,BIF,1.02,90.4218937443323,0.08460519545316902,1012.3230977592603,991.8660771715143
2018-12-31,2018-12-31,Bancom,1.38,90.4218937443323,0.11427897418165855,1014.2749588198145,993.7784950325718
2018-12-31,2018-12-31,Citibank,0.99,90.4218937443323,0.08212800701368206,1006.6405787189163,986.2983904502747
2018-12-31,2018-12-31,Falabella,2.5,90.4218937443323,0.20598362698427408,1024.9999999999986,1004.2868046290223
2018-12-31,2018-12-31,GNB,3.54,90.4218937443323,0.29031915789923257,1036.855201203096,1015.9024359797469
2018-12-31,2018-12-31,Interbank,0.29,90.4218937443323,0.024134604527370485,1004.8066311895108,984.5015033242611
2018-12-31,2018-12-31,Pichincha,1.19,90.4218937443323,0.0986298719130696,1007.7139125795795,987.3500343851289
2018-12-31,2018-12-31,Ripley,0.75,90.4218937443323,0.06228618011265841,1007.5833326440849,987.222093208381
2018-12-31,2018-12-31,Scotiabank,3.08,90.4218937443323,0.2531131233904915,1022.8267391300141,1002.1574610048837
2019-01-31,2019-01-31,Alfin,1.0,90.4809684380851,0.08295381143461622,1010.8711925534999,989.7968551088086
2019-01-31,2019-01-31,BBVA,0.44,90.4809684380851,0.03659292942366221,1003.2334046120412,982.3182974645381
2019-01-31,2019-01-31,BIF,1.0,90.4809684380851,0.08295381143461622,1013.1628583528847,992.0407449514519
2019-01-31,2019-01-31,Bancom,1.37,90.4809684380851,0.11345600774046449,1015.4257146956027,994.2564259482834
2019-01-31,2019-01-31,Citibank,1.13,90.4809684380851,0.09368245400691588,1007.5836243160896,986.5778251015091
2019-01-31,2019-01-31,Falabella,2.5,90.4809684380851,0.20598362698427408,1027.1113321765874,1005.6984252038623
2019-01-31,2019-01-31,GNB,4.05,90.4809684380851,0.3313926189799865,1040.2912628093932,1018.6035846217997
2019-01-31,2019-01-31,Interbank,0.29,90.4809684380851,0.024134604527370485,1005.0491372962132,984.0961763018723
2019-01-31,2019-01-31,Pichincha,1.14,90.4809684380851,0.09450721047856714,1008.6662748879629,987.6379049011076
2019-01-31,2019-01-31,Ripley,0.76,90.4809684380851,0.06311378751067132,1008.2192566476426,987.2002059621086
2019-01-31,2019-01-31,Scotiabank,3.13,90.4809684380851,0.257164621896222,1025.4570876463513,1004.0786678641832
2019-02-28,2019-02-28,Alfin,1.0,90.595663429072,0.08295381143461622,1011.7097487364175,989.3637973928269
2019-02-28,2019-02-28,BBVA,0.33,90.595663429072,0.02745849373302356,1003.5088773935743,981.344061274025
2019-02-28,2019-02-28,BIF,1.09,90.595663429072,0.09038268036556385,1014.0785821007323,991.6803095897652
2019-02-28,2019-02-28,Bancom,1.43,90.595663429072,0.1183926905437227,1016.6279045197037,994.1733243228567
2019-02-28,2019-02-28,Citibank,0.89,90.595663429072,0.0738658376514767,1008.3278844002297,986.05662935763
2019-02-28,2019-02-28,Falabella,2.5,90.595663429072,0.20598362698427408,1029.2270133517713,1006.4941526764713
2019-02-28,2019-02-28,GNB,3.64,90.595663429072,0.29838737241476565,1043.3953605739505,1020.3495591584417
2019-02-28,2019-02-28,Interbank,0.38,90.595663429072,0.03161164741767308,1005.3668498858697,983.16099614366
2019-02-28,2019-02-28,Pichincha,1.16,90.595663429072,0.09615649919465508,1009.6361730664522,987.3360214407018
2019-02-28,2019-02-28,Ripley,0.76,90.595663429072,0.06311378751067132,1008.8555820069249,986.5726715413563
2019-02-28,2019-02-28,Scotiabank,2.68,90.595663429072,0.2206361275312263,1027.7196164540287,1005.0200501279968
2019-03-31,2019-03-29,Alfin,1.0,91.2547942250017,0.08295381143461622,1012.54900053365,983.0324376637574
2019-03-31,2019-03-29,BBVA,0.32,91.2547942250017,0.026627635329945498,1003.7760880779502,974.5152621866278
2019-03-31,2019-03-29,BIF,1.07,91.2547942250017,0.08873234469353175,1014.9783978036653,985.3910161810817
2019-03-31,2019-03-29,Bancom,1.38,91.2547942250017,0.11427897418165855,1017.7896964602334,988.1203633730797
2019-03-31,2019-03-29,Citibank,1.62,91.2547942250017,0.13400787856630014,1009.679123207107,980.2462194139534
2019-03-31,2019-03-29,Falabella,2.5,91.2547942250017,0.20598362698427408,1031.3470524837753,1001.2825122992787
2019-03-31,2019-03-29,GNB,3.46,91.2547942250017,0.283859441682921,1046.3571368190212,1015.8550414172164
2019-03-31,2019-03-29,Interbank,0.37,91.2547942250017,0.030781168409865778,1005.6763135490701,976.3600946599216
2019-03-31,2019-03-29,Pichincha,1.18,91.2547942250017,0.09780548903548514,1010.623652662999,981.1632151277228
2019-03-31,2019-03-29,Ripley,0.73,91.2547942250017,0.060630739394196276,1009.4672586057154,980.0405308246103
2019-03-31,2019-03-29,Scotiabank,2.47,91.2547942250017,0.20353925068166134,1029.8114292604675,999.7916536447882
2019-04-30,2019-04-30,Alfin,1.0,91.4373773077339,0.08295381143461622,1013.3889485222356,981.8833430685169
2019-04-30,2019-04-30,BBVA,0.48,91.4373773077339,0.03991226892567923,1004.1767178896357,972.9575147142156
2019-04-30,2019-04-30,BIF,1.14,91.4373773077339,0.09450721047856714,1015.9376255743895,984.3527834033657
2019-04-30,2019-04-30,Bancom,1.43,91.4373773077339,0.1183926905437227,1018.9946850659495,987.3148008971517
2019-04-30,2019-04-30,Citibank,1.08,91.4373773077339,0.08955754994564025,1010.5833670921638,979.1649853463146
2019-04-30,2019-04-30,Falabella,2.5,91.4373773077339,0.20598362698427408,1033.4714585492768,1001.3415008778287
2019-04-30,2019-04-30,GNB,3.87,91.4373773077339,0.31691721789193217,1049.6732227462417,1017.0395627291264
2019-04-30,2019-04-30,Interbank,0.53,91.4373773077339,0.044059740363810995,1006.11941192172,974.8398116482444
2019-04-30,2019-04-30,Pichincha,1.27,91.4373773077339,0.10522224777222977,1011.6870535868487,980.2343589433733
2019-04-30,2019-04-30,Ripley,0.71,91.4373773077339,0.058974997350325076,1010.0625918947305,978.6604007121634
2019-04-30,2019-04-30,Scotiabank,2.6,91.4373773077339,0.21412681429993086,1032.0165316672396,999.9318067293597
2019-05-31,2019-05-31,Alfin,1.01,91.5723515157514,0.08377954090970086,1014.2379611309372,981.2574887359882
2019-05-31,2019-05-31,BBVA,0.41,91.5723515157514,0.03410262948544407,1004.5191685551167,971.8547268970785
2019-05-31,2019-05-31,BIF,1.17,91.5723515157514,0.09698103146740245,1016.9228923627369,983.8551127442702
2019-05-31,2019-05-31,Bancom,1.42,91.5723515157514,0.11757009600361634,1020.1927180954533,987.0186119525939
2019-05-31,2019-05-31,Citibank,1.22,91.5723515157514,0.1011025725442094,1011.6050928739979,978.7102347453211
2019-05-31,2019-05-31,Falabella,2.5,91.5723515157514,0.20598362698427408,1035.600240543444,1001.9251204489831
2019-05-31,2019-05-31,GNB,4.01,91.5723515157514,0.3281778480337616,1053.118017740037,1018.8732635070462
2019-05-31,2019-05-31,Interbank,0.57,91.5723515157514,0.047376356288175714,1006.5960746389966,973.8640972088898
2019-05-31,2019-05-31,Pichincha,1.21,91.5723515157514,0.10027841365327639,1012.7015573153213,979.7710449155317
2019-05-31,2019-05-31,Ripley,0.52,91.5723515157514,0.043230397371596396,1010.4992459669085,977.6403472035778
2019-05-31,2019-05-31,Scotiabank,2.87,91.5723515157514,0.23607713389290907,1034.4528867165006,1000.8150756882224
2019-06-30,2019-06-28,Alfin,1.0,91.493350335306,0.08295381143461622,1015.0793101767119,982.9194622277238
2019-06-30,2019-06-28,BBVA,0.34,91.493350335306,0.028289276228066207,1004.8033397574732,972.9690561687255
2019-06-30,2019-06-28,BIF,1.07,91.493350335306,0.08873234469353175,1017.8252318888557,985.5783873634847
2019-06-30,2019-06-28,Bancom,1.33,91.493350335306,0.11016339761076299,1021.3165970558848,988.9591387373055
2019-06-30,2019-06-28,Citibank,1.05,91.493350335306,0.08708170963593886,1012.4860158836368,980.408328953316
2019-06-30,2019-06-28,Falabella,2.5,91.493350335306,0.20598362698427408,1037.733407479973,1004.855830071434
2019-06-30,2019-06-28,GNB,3.57,91.493350335306,0.2927403719995114,1056.200919342763,1022.7382523086654
2019-06-30,2019-06-28,Interbank,0.37,91.493350335306,0.030781168409865778,1006.9059166719383,975.0050190233902
2019-06-30,2019-06-28,Pichincha,1.17,91.493350335306,0.09698103146740245,1013.683685731292,981.5680541006827
2019-06-30,2019-06-28,Ripley,0.19,91.493350335306,0.015819561853080977,1010.659102520149,978.6392960484255
2019-06-30,2019-06-28,Scotiabank,2.58,91.493350335306,0.21249875904596482,1036.6510862636885,1003.8077990681394
2019-07-31,2019-07-31,Alfin,1.0,91.6793898976101,0.08295381143461622,1015.9213571535877,981.7385964879212
2019-07-31,2019-07-31,BBVA,0.54,91.6793898976101,0.04488900773715887,1005.2543860064001,971.430537493908
2019-07-31,2019-07-31,BIF,1.08,91.6793898976101,0.08955754994564025,1018.7367712292639,984.459280174433
2019-07-31,2019-07-31,Bancom,1.32,91.6793898976101,0.10934005891671816,1022.433305224832,988.0314366913968
2019-07-31,2019-07-31,Citibank,0.87,91.6793898976101,0.07221250300475379,1013.2171573782796,979.1253850682182
2019-07-31,2019-07-31,Falabella,2.5,91.6793898976101,0.20598362698427408,1039.870968391128,1004.8823738651887
2019-07-31,2019-07-31,GNB,3.63,91.6793898976101,0.29758087216387175,1059.3439712503462,1023.7001675475436
2019-07-31,2019-07-31,Interbank,0.3,91.6793898976101,0.024965690741618474,1007.1572976891537,973.2694218046988
2019-07-31,2019-07-31,Pichincha,1.24,91.6793898976101,0.10275066643834485,1014.7252524739579,980.5827372069209
2019-07-31,2019-07-31,Ripley,0.17,91.6793898976101,0.014155640446089635,1010.8021677888374,976.7916527636679
2019-07-31,2019-07-31,Scotiabank,2.17,91.6793898976101,0.1790593419217945,1038.5073068767774,1003.5645955433174
2019-08-31,2019-08-28,Alfin,1.0,91.7352934900762,0.08295381143461622,1016.7641026405247,981.9542171618347
2019-08-31,2019-08-28,BBVA,0.39,91.7352934900762,0.032442050589875926,1005.5805111428652,971.1535065489969
2019-08-31,2019-08-28,BIF,1.49,91.7352934900762,0.12332669717645128,1019.993145642143,985.0727108071173
2019-08-31,2019-08-28,Bancom,1.4,91.7352934900762,0.11592468385308585,1023.6185578015225,988.5740035353
2019-08-31,2019-08-28,Citibank,0.55,91.7352934900762,0.04571819950607292,1013.6803820197196,978.9760706475305
2019-08-31,2019-08-28,Falabella,2.5,91.7352934900762,0.20598362698427408,1042.0129323277763,1006.3386291659663
2019-08-31,2019-08-28,GNB,4.46,91.7352934900762,0.36427886369352347,1063.2029374314227,1026.8031743039871
2019-08-31,2019-08-28,Interbank,0.33,91.7352934900762,0.02745849373302356,1007.4338479126212,972.9433925728611
2019-08-31,2019-08-28,Pichincha,1.21,91.7352934900762,0.10027841365327639,1015.7428028600779,980.9678825501073
2019-08-31,2019-08-28,Ripley,0.17,91.7352934900762,0.014155640446089635,1010.9452533093308,976.3345816682562
2019-08-31,2019-08-28,Scotiabank,1.97,91.7352934900762,0.16270277079681872,1040.1969870399935,1004.5848544911497
2019-09-30,2019-09-30,Alfin,1.0,91.7411489525572,0.08295381143461622,1017.6075472169641,982.7060594976884
2019-09-30,2019-09-30,BBVA,0.51,91.7411489525572,0.04240097874610438,1006.0068871216698,971.5032741007085
2019-09-30,2019-09-30,BIF,1.45,91.7411489525572,0.12003765662376154,1021.2175215118948,986.1922203697862
2019-09-30,2019-09-30,Bancom,1.32,91.7411489525572,0.10934005891671816,1024.7377829357051,989.5917453061484
2019-09-30,2019-09-30,Citibank,1.11,91.7411489525572,0.09203271676554436,1014.6132996146116,979.8145073757378
2019-09-30,2019-09-30,Falabella,2.5,91.7411489525572,0.20598362698427408,1044.1593083594303,1008.3471591892118
2019-09-30,2019-09-30,GNB,4.33,91.7411489525572,0.3538643475265779,1066.9652335688477,1030.3708960974516
2019-09-30,2019-09-30,Interbank,0.32,91.7411489525572,0.026627635329945498,1007.7021037238338,973.1403488567514
2019-09-30,2019-09-30,Pichincha,1.34,91.7411489525572,0.11098666182609573,1016.870141889711,981.9939453969437
2019-09-30,2019-09-30,Ripley,0.17,91.7411489525572,0.014155640446089635,1011.0883590844961,976.4104638151459
2019-09-30,2019-09-30,Scotiabank,2.15,91.7411489525572,0.1774250061985505,1042.0425566087263,1006.3030069248559
2019-10-31,2019-10-30,Alfin,1.0,91.8427297350918,0.08295381143461622,1018.451691462827,982.4334479602069
2019-10-31,2019-10-30,BBVA,0.42,91.8427297350918,0.03493280523771958,1006.3583135482261,970.7677606608297
2019-10-31,2019-10-30,BIF,1.33,91.8427297350918,0.11016339761076299,1022.3425294305888,986.1866837711588
2019-10-31,2019-10-30,Bancom,1.34,91.8427297350918,0.11098666182609573,1025.8751051934562,989.5943275661332
2019-10-31,2019-10-30,Citibank,0.13,91.8427297350918,0.010826883828274347,1014.7231506178671,978.8367695228496
2019-10-31,2019-10-30,Falabella,2.5,91.8427297350918,0.20598362698427408,1046.310105574283,1009.3066301245079
2019-10-31,2019-10-30,GNB,3.98,91.8427297350918,0.32576602600797866,1070.4410438091315,1032.584161156467
2019-10-31,2019-10-30,Interbank,0.28,91.8427297350918,0.023303442347044623,1007.9369330026051,972.2905511540686
2019-10-31,2019-10-30,Pichincha,1.32,91.8427297350918,0.10934005891671816,1017.9819883019599,981.9803561741983
2019-10-31,2019-10-30,Ripley,0.16,91.8427297350918,0.01332356553898073,1011.2230721046758,975.4604736899987
2019-10-31,2019-10-30,Scotiabank,2.45,91.8427297350918,0.20190930200914003,1044.1465374614131,1007.2195780838064
2019-11-30,2019-11-29,Alfin,1.02,91.9427558656052,0.08460519545316902,1019.3133545069852,982.1949269202762
2019-11-30,2019-11-29,BBVA,0.36,91.9427558656052,0.0299506135519767,1006.6597240376651,970.0020800404261
2019-11-30,2019-11-29,BIF,1.31,91.9427558656052,0.10851664572986142,1023.4519412513968,986.1828064933311
2019-11-30,2019-11-29,Bancom,1.36,91.9427558656052,0.11263296687684665,1027.0305787608866,989.6311274552472
2019-11-30,2019-11-29,Citibank,0.47,91.9427558656052,0.03908254762277075,1015.1197302764465,978.154014058267
2019-11-30,2019-11-29,Falabella,2.5,91.9427558656052,0.20598362698427408,1048.465333079248,1010.2853324239047
2019-11-30,2019-11-29,GNB,4.29,91.9427558656052,0.35065748777713956,1074.194625481488,1035.0776893168952
2019-11-30,2019-11-29,Interbank,0.29,91.9427558656052,0.024134604527370485,1008.1801945952707,971.4671824661018
2019-11-30,2019-11-29,Pichincha,1.31,91.9427558656052,0.10851664572986142,1019.0866682097992,981.9764954339095
2019-11-30,2019-11-29,Ripley,0.16,91.9427558656052,0.01332356553898073,1011.3578030734329,974.5290779207133
2019-11-30,2019-11-29,Scotiabank,2.46,91.9427558656052,0.2027243128015721,1046.2632763541233,1008.1634638791193
2019-12-31,2019-12-31,Alfin,1.0,92.1399925330876,0.08295381143461622,1020.1589137850109,980.9054452967739
2019-12-31,2019-12-31,BBVA,0.48,92.1399925330876,0.03991226892567923,1007.0615047738895,968.3119957423102
2019-12-31,2019-12-31,BIF,1.24,92.1399925330876,0.10275066643834485,1024.5035449417087,985.082904613969
2019-12-31,2019-12-31,Bancom,1.31,92.1399925330876,0.10851664572986142,1028.1450778955777,988.5843193988724
2019-12-31,2019-12-31,Citibank,1.14,92.1399925330876,0.09450721047856714,1016.0790916165483,976.9826057010883
2019-12-31,2019-12-31,Falabella,2.5,92.1399925330876,0.20598362698427408,1050.6249999999973,1010.199263604241
2019-12-31,2019-12-31,GNB,4.42,92.1399925330876,0.36107566318024364,1078.073280849292,1036.5913950509132
2019-12-31,2019-12-31,Interbank,0.27,92.1399925330876,0.022472204186096967,1008.4067549071638,969.6054836128607
2019-12-31,2019-12-31,Pichincha,1.43,92.1399925330876,0.1183926905437227,1020.2931923352652,981.0345571041121
2019-12-31,2019-12-31,Ripley,0.17,92.1399925330876,0.014155640446089635,1011.5009672476593,972.5806374763265
2019-12-31,2019-12-31,Scotiabank,1.96,92.1399925330876,0.161884170512816,1047.9570109804295,1007.6339329269093
2020-01-31,2020-01-31,Alfin,1.0,92.1895712817569,0.08295381143461622,1021.0051744866855,981.1911837432976
2020-01-31,2020-01-31,BBVA,0.38,92.1895712817569,0.03161164741767308,1007.3798535060579,968.0971807392622
2020-01-31,2020-01-31,BIF,1.25,92.1895712817569,0.10357460146983577,1025.5646704054263,985.5728825922101
2020-01-31,2020-01-31,Bancom,1.23,92.1895712817569,0.10192665680117674,1029.1930318005427,989.0597564115446
2020-01-31,2020-01-31,Citibank,0.34,92.1895712817569,0.028289276228066207,1016.3665330374714,976.733425635653
2020-01-31,2020-01-31,Falabella,2.5,92.1895712817569,0.20598362698427408,1052.7891154810006,1011.7357132594366
2020-01-31,2020-01-31,GNB,4.3,92.1895712817569,0.35145930840192463,1081.8622697462308,1039.6751628934646
2020-01-31,2020-01-31,Interbank,0.27,92.1895712817569,0.022472204186096967,1008.6333661321529,969.3018127706852
2020-01-31,2020-01-31,Pichincha,1.46,92.1895712817569,0.12086002819180486,1021.5263189751606,981.6920062565677
2020-01-31,2020-01-31,Ripley,0.17,92.1895712817569,0.014155640446089635,1011.6441516876918,972.1951930561687
2020-01-31,2020-01-31,Scotiabank,1.67,92.1895712817569,0.138112690341341,1049.4043726019154,1008.4829580774013
2020-02-29,2020-02-28,Alfin,1.0,92.3206390707161,0.08295381143461622,1021.852137193867,980.6109646700428
2020-02-29,2020-02-28,BBVA,0.28,92.3206390707161,0.023303442347044623,1007.6146076894355,966.9480509923372
2020-02-29,2020-02-28,BIF,1.12,92.3206390707161,0.09285762277395637,1026.5169853783743,985.0875431413772
2020-02-29,2020-02-28,Bancom,1.25,92.3206390707161,0.10357460146983577,1030.2590143815853,988.678546709407
2020-02-29,2020-02-28,Citibank,0.72,92.3206390707161,0.0598029060451033,1016.9743497602976,975.9300410152534
2020-02-29,2020-02-28,Falabella,2.5,92.3206390707161,0.20598362698427408,1054.957688685564,1012.3804013650192
2020-02-29,2020-02-28,GNB,4.49,92.3206390707161,0.36668052630131065,1085.8292480107916,1042.0060081126971
2020-02-29,2020-02-28,Interbank,0.27,92.3206390707161,0.022472204186096967,1008.8600282816793,968.1432073598073
2020-02-29,2020-02-28,Pichincha,1.48,92.3206390707161,0.12250454845410541,1022.7777351795611,981.4992062273201
2020-02-29,2020-02-28,Ripley,0.17,92.3206390707161,0.014155640446089635,1011.7873563963986,970.9523907455402
2020-02-29,2020-02-28,Scotiabank,1.56,92.3206390707161,0.12907965990995862,1050.7589401971502,1008.3511111617055
2020-03-31,2020-03-31,Alfin,1.0,92.9170303880033,0.08295381143461622,1022.6998024888953,975.1251107425296
2020-03-31,2020-03-31,BBVA,0.46,92.9170303880033,0.038252750614442554,1008.0000479924696,961.1091700956937
2020-03-31,2020-03-31,BIF,1.01,92.9170303880033,0.08377954090970086,1027.3769965960846,979.5847277392648
2020-03-31,2020-03-31,Bancom,1.26,92.9170303880033,0.10439846190974933,1031.3345889462862,983.3582179358722
2020-03-31,2020-03-31,Citibank,0.34,92.9170303880033,0.028289276228066207,1017.2620444432698,969.9403102727073
2020-03-31,2020-03-31,Falabella,2.5,92.9170303880033,0.20598362698427408,1057.130728795868,1007.954354227613
2020-03-31,2020-03-31,GNB,4.48,92.9170303880033,0.36588004233741866,1089.8020805231256,1039.1058763004805
2020-03-31,2020-03-31,Interbank,0.28,92.9170303880033,0.023303442347044623,1009.0951273967323,962.1533078013575
2020-03-31,2020-03-31,Pichincha,1.7,92.9170303880033,0.14057468926966799,1024.215501802709,976.5703016554818
2020-03-31,2020-03-31,Ripley,0.16,92.9170303880033,0.01332356553898073,1011.9221625479431,964.84883287938
2020-03-31,2020-03-31,Scotiabank,1.94,92.9170303880033,0.16024674913339698,1052.4427472400446,1003.4844516006093
2020-04-30,2020-04-30,Alfin,1.0,93.0142055130683,0.08295381143461622,1023.5481709545942,974.9144225100712
2020-04-30,2020-04-30,BBVA,0.4,93.0142055130683,0.03327237794097382,1008.3354335780828,960.4245162261421
2020-04-30,2020-04-30,BIF,1.02,93.0142055130683,0.08460519545316902,1028.2462109120956,979.3892357548891
2020-04-30,2020-04-30,Bancom,1.4,93.0142055130683,0.11592468385308585,1032.5301603079897,983.4696338933229
2020-04-30,2020-04-30,Citibank,0.26,93.0142055130683,0.02164089003005021,1017.4821890036252,969.1366648446258
2020-04-30,2020-04-30,Falabella,2.5,93.0142055130683,0.20598362698427408,1059.3082450130069,1008.9753616420911
2020-04-30,2020-04-30,GNB,4.48,93.0142055130683,0.36588004233741866,1093.7894488367376,1041.8181958800858
2020-04-30,2020-04-30,Interbank,0.25,93.0142055130683,0.020809499864316017,1009.3051150458987,961.3481234143928
2020-04-30,2020-04-30,Pichincha,2.49,93.0142055130683,0.2051689077593899,1026.3168735608601,977.5515705985412
2020-04-30,2020-04-30,Ripley,0.15,93.0142055130683,0.012491414476678564,1012.0485659394483,963.9612196217507
2020-04-30,2020-04-30,Scotiabank,2.68,93.0142055130683,0.2206361275312263,1054.7648161620382,1004.6478131786644
2020-05-31,2020-05-29,Alfin,1.0,93.204097335048,0.08295381143461622,1024.3972431742702,973.735235926717
2020-05-31,2020-05-29,BBVA,0.28,93.204097335048,0.023303442347044623,1008.5704104445115,958.6911260320728
2020-05-31,2020-05-29,BIF,1.34,93.204097335048,0.11098666182609573,1029.3874270569404,978.4786281143538
2020-05-31,2020-05-29,Bancom,1.39,93.204097335048,0.11510186621450647,1033.7186217917317,982.5956217464903
2020-05-31,2020-05-29,Citibank,0.01,93.204097335048,0.0008332951413336787,1017.49066763327,967.1702280563109
2020-05-31,2020-05-29,Falabella,2.5,93.204097335048,0.20598362698427408,1061.490246557028,1008.9937888375196
2020-05-31,2020-05-29,GNB,4.48,93.204097335048,0.36588004233741866,1097.791406135224,1043.4996589204543
2020-05-31,2020-05-29,Interbank,0.21,93.204097335048,0.017483178814159395,1009.4815736639426,959.5572272817124
2020-05-31,2020-05-29,Pichincha,2.28,93.204097335048,0.18804294971668245,1028.246790083344,977.3944018339804
2020-05-31,2020-05-29,Ripley,0.15,93.204097335048,0.012491414476678564,1012.1749851205251,962.1174349136621
2020-05-31,2020-05-29,Scotiabank,1.97,93.204097335048,0.16270277079681872,1056.480947743324,1004.2322270560028
2020-06-30,2020-06-30,Alfin,1.0,92.9560841633195,0.08295381143461622,1025.2470197317145,977.1431335653486
2020-06-30,2020-06-30,BBVA,0.32,92.9560841633195,0.026627635329945498,1008.8389688954504,961.5049372075166
2020-06-30,2020-06-30,BIF,1.61,92.9560841633195,0.1331866940514903,1030.758434140019,982.3959561941012
2020-06-30,2020-06-30,Bancom,1.45,92.9560841633195,0.12003765662376154,1034.959473401414,986.3998855780508
2020-06-30,2020-06-30,Citibank,0.01,92.9560841633195,0.0008332951413336787,1017.499146333567,969.7587850668623
2020-06-30,2020-06-30,Falabella,2.5,92.9560841633195,0.20598362698427408,1063.6767426669708,1013.769760288761
2020-06-30,2020-06-30,GNB,4.12,92.9560841633195,0.3370157431537901,1101.491136000889,1049.8099282532057
2020-06-30,2020-06-30,Interbank,0.19,92.9560841633195,0.015819561853080977,1009.6412692258838,962.2695941573562
2020-06-30,2020-06-30,Pichincha,2.29,92.9560841633195,0.18885920210915952,1030.1887287668085,981.852981005806
2020-06-30,2020-06-30,Ripley,0.16,92.9560841633195,0.01332356553898073,1012.3098429180368,964.8129602042849
2020-06-30,2020-06-30,Scotiabank,1.63,92.9560841633195,0.13482898900922802,1057.9053903242414,1008.2691958349768
2020-07-31,2020-07-31,Alfin,1.0,93.3861811793687,0.08295381143461622,1026.0975012112017,973.4496723498646
2020-07-31,2020-07-31,BBVA,0.19,93.3861811793687,0.015819561853080977,1008.9985628001327,957.2280599064682
2020-07-31,2020-07-31,BIF,1.68,93.3861811793687,0.13893343063426933,1032.190502194122,979.2300487794437
2020-07-31,2020-07-31,Bancom,1.49,93.3861811793687,0.12332669717645128,1036.2358547370748,983.0678391481257
2020-07-31,2020-07-31,Citibank,0.01,93.3861811793687,0.0008332951413336787,1017.5076251045165,965.3005324565227
2020-07-31,2020-07-31,Falabella,2.5,93.3861811793687,0.20598362698427408,1065.8677426009042,1011.1793504792652
2020-07-31,2020-07-31,GNB,4.14,93.3861811793687,0.33862171355991677,1105.2210241603257,1048.5134624858647
2020-07-31,2020-07-31,Interbank,0.18,93.3861811793687,0.014987639212593606,1009.792590616657,957.9813471105787
2020-07-31,2020-07-31,Pichincha,2.38,93.3861811793687,0.19620218377029985,1032.2099815496047,979.2485286726212
2020-07-31,2020-07-31,Ripley,0.35,93.3861811793687,0.02911998282955075,1012.6046273704765,960.6491016401533
2020-07-31,2020-07-31,Scotiabank,1.39,93.3861811793687,0.11510186621450647,1059.1230591712883,1004.7807286456548
2020-08-31,2020-08-31,Alfin,1.0,93.2832332195989,0.08295381143461622,1026.9486881974917,975.3323822809413
2020-08-31,2020-08-31,BBVA,0.1,93.2832332195989,0.008329516327321151,1009.0826075001638,958.3642832426792
2020-08-31,2020-08-31,BIF,1.37,93.2832332195989,0.11345600774046449,1033.3615843301877,981.4229546087573
2020-08-31,2020-08-31,Bancom,1.38,93.2832332195989,0.11427897418165855,1037.4200544419707,985.2774386429003
2020-08-31,2020-08-31,Citibank,0.01,93.2832332195989,0.0008332951413336787,1017.5161039461192,966.3738968427792
2020-08-31,2020-08-31,Falabella,2.0,93.2832332195989,0.1651581301920224,1067.6281098349039,1013.967182316635
2020-08-31,2020-08-31,GNB,4.26,93.2832332195989,0.34825160297176083,1109.0699740933449,1053.3261032226965
2020-08-31,2020-08-31,Interbank,0.2,93.2832332195989,0.016651408382073463,1009.9607353047325,959.198274749188
2020-08-31,2020-08-31,Pichincha,2.22,93.2832332195989,0.18314389855391688,1034.1004111510772,982.1246466519849
2020-08-31,2020-08-31,Ripley,0.37,93.2832332195989,0.030781168409865778,1012.9163189061534,962.0053053517238
2020-08-31,2020-08-31,Scotiabank,1.04,93.2832332195989,0.08625627980207717,1060.0366193206555,1006.7572539011063
2020-09-30,2020-09-30,Alfin,1.0,93.4104286127018,0.08295381143461622,1027.8005812758292,974.8122624331199
2020-09-30,2020-09-30,BBVA,0.06,93.4104286127018,0.00499862552685304,1009.1330477609692,957.107134696105
2020-09-30,2020-09-30,BIF,1.31,93.4104286127018,0.10851664572986142,1034.482953659764,981.150124719516
2020-09-30,2020-09-30,Bancom,1.31,93.4104286127018,0.10851664572986142,1038.54582788718,985.0035372294528
2020-09-30,2020-09-30,Citibank,0.01,93.4104286127018,0.0008332951413336787,1017.5245828583757,965.0660437127116
2020-09-30,2020-09-30,Falabella,1.5,93.4104286127018,0.12414877164492744,1068.9535570189998,1013.8435941144643
2020-09-30,2020-09-30,GNB,4.42,93.4104286127018,0.36107566318024364,1113.0745558574356,1055.6899322874938
2020-09-30,2020-09-30,Interbank,0.19,93.4104286127018,0.015819561853080977,1010.1205066679457,958.0436851016074
2020-09-30,2020-09-30,Pichincha,2.3,93.4104286127018,0.18967538135683526,1036.0618450495406,982.6476162717136
2020-09-30,2020-09-30,Ripley,0.53,93.4104286127018,0.044059740363810995,1013.3626072063662,961.1186389578994
2020-09-30,2020-09-30,Scotiabank,1.06,93.4104286127018,0.0879070645950275,1060.9684663963326,1006.2701753040241
2020-10-31,2020-10-30,Alfin,1.0,93.4260987274024,0.08295381143461622,1028.6531810319448,975.457268021297
2020-10-31,2020-10-30,BBVA,0.05,93.4260987274024,0.004165712110459907,1009.1750853385504,956.9864652651386
2020-10-31,2020-10-30,BIF,1.21,93.4260987274024,0.10027841365327639,1035.5203167552077,981.9692757370806
2020-10-31,2020-10-30,Bancom,1.31,93.4260987274024,0.10851664572986142,1039.6728229839705,985.9070386838562
2020-10-31,2020-10-30,Citibank,0.01,93.4260987274024,0.0008332951413336787,1017.5330618412866,964.9122162139339
2020-10-31,2020-10-30,Falabella,1.38,93.4260987274024,0.11427897418165855,1070.1751461784395,1014.8319605139043
2020-10-31,2020-10-30,GNB,4.38,93.4260987274024,0.35787133767835044,1117.0579306598397,1059.29024218818
2020-10-31,2020-10-30,Interbank,0.14,93.4260987274024,0.011659187244639213,1010.2382785092145,957.9946763169866
2020-10-31,2020-10-30,Pichincha,2.36,93.4260987274024,0.1945709215699809,1038.0777201294886,984.394425199217
2020-10-31,2020-10-30,Ripley,0.55,93.4260987274024,0.04571819950607292,1013.8258983448487,961.3967654837707
2020-10-31,2020-10-30,Scotiabank,1.07,93.4260987274024,0.08873234469353175,1061.9098885930252,1006.9941336035046
2020-11-30,2020-11-30,Alfin,1.0,93.9123624949692,0.08295381143461622,1029.5064880520542,971.211489509014
2020-11-30,2020-11-30,BBVA,0.04,93.9123624949692,0.0033327223783574667,1009.2087183424563,952.0630651113498
2020-11-30,2020-11-30,BIF,1.11,93.9123624949692,0.09203271676554436,1036.4733342353768,977.783843483866
2020-11-30,2020-11-30,Bancom,1.26,93.9123624949692,0.10439846190974933,1040.7582254200593,981.8261060612817
2020-11-30,2020-11-30,Citibank,0.01,93.9123624949692,0.0008332951413336787,1017.5415408948522,959.9240481132534
2020-11-30,2020-11-30,Falabella,1.41,93.9123624949692,0.11674742711142994,1071.4245481271887,1010.7559722639796
2020-11-30,2020-11-30,GNB,3.99,93.9123624949692,0.32657003754898994,1120.7059071634396,1057.2468129435633
2020-11-30,2020-11-30,Interbank,0.09,93.9123624949692,0.0074969080277487166,1010.3140151438155,953.1057753470363
2020-11-30,2020-11-30,Pichincha,2.14,93.9123624949692,0.17660772833825167,1039.9110456093947,981.0268971438574
2020-11-30,2020-11-30,Ripley,0.37,93.9123624949692,0.030781168409865778,1014.1379658020011,956.7131977942445
2020-11-30,2020-11-30,Scotiabank,1.05,93.9123624949692,0.08708170963593886,1062.8346178788051,1002.6524400879985
2020-12-31,2020-12-31,Alfin,1.0,93.9581285619732,0.08295381143461622,1030.36050292286,971.5436866024107
2020-12-31,2020-12-31,BBVA,0.04,93.9581285619732,0.0033327223783574667,1009.2423524672569,951.6310388546962
2020-12-31,2020-12-31,BIF,0.92,93.9581285619732,0.07634527638813449,1037.264632667088,978.0537028981256
2020-12-31,2020-12-31,Bancom,1.34,93.9581285619732,0.11098666182609573,1041.9133282321336,982.4370336006756
2020-12-31,2020-12-31,Citibank,0.01,93.9581285619732,0.0008332951413336787,1017.5500200190737,959.4644737907824
2020-12-31,2020-12-31,Falabella,1.45,93.9581285619732,0.12003765662376154,1072.7106610472524,1011.4763399171
2020-12-31,2020-12-31,GNB,3.89,93.9581285619732,0.3185267308280393,1124.2756550517238,1060.0978119481235
2020-12-31,2020-12-31,Interbank,0.09,93.9581285619732,0.0074969080277487166,1010.3897574563223,952.7129456920995
2020-12-31,2020-12-31,Pichincha,2.11,93.9581285619732,0.17415545459757986,1041.7221074182862,982.2567283833139
2020-12-31,2020-12-31,Ripley,0.61,93.9581285619732,0.0506917632328463,1014.6520502184799,956.7319309033711
2020-12-31,2020-12-31,Scotiabank,1.06,93.9581285619732,0.0879070645950275,1063.768924592882,1003.0450310937681
2021-01-31,2021-01-29,Alfin,1.0,94.6561451002628,0.08295381143461622,1031.2152262315512,965.1792857580436
2021-01-31,2021-01-29,BBVA,0.04,94.6561451002628,0.0033327223783574667,1009.2759877129895,944.6449704911878
2021-01-31,2021-01-29,BIF,0.93,94.6561451002628,0.07717160582849658,1038.0651064408082,971.5905201150646
2021-01-31,2021-01-29,Bancom,1.36,94.6561451002628,0.11263296687684665,1043.0868661260067,976.2907013215822
2021-01-31,2021-01-29,Citibank,0.01,94.6561451002628,0.0008332951413336787,1017.5584992139512,952.3970947145611
2021-01-31,2021-01-29,Falabella,1.46,94.6561451002628,0.12086002819180486,1074.0071394546105,1005.2309327762758
2021-01-31,2021-01-29,GNB,3.93,94.6561451002628,0.3217449047942411,1127.8929546876948,1055.666061482841
2021-01-31,2021-01-29,Interbank,0.08,94.6561451002628,0.00666422347088691,1010.4570920876861,945.7504404724071
2021-01-31,2021-01-29,Pichincha,2.19,94.6561451002628,0.18069338440696026,1043.6044303502958,976.775122280104
2021-01-31,2021-01-29,Ripley,0.67,94.6561451002628,0.05566260882747809,1015.2168320201531,950.205380887902
2021-01-31,2021-01-29,Scotiabank,1.05,94.6561451002628,0.08708170963593886,1064.6952727589933,996.5153701878586
2021-02-28,2021-02-26,Alfin,1.01,94.5375735473133,0.08377954090970086,1032.079173613879,967.1994764007824
2021-02-28,2021-02-26,BBVA,0.03,94.5375735473133,0.0024996563158685703,1009.3012161439609,945.8534119692698
2021-02-28,2021-02-26,BIF,1.02,94.5375735473133,0.08460519545316902,1038.9433634530435,973.6321619815876
2021-02-28,2021-02-26,Bancom,1.34,94.5375735473133,0.11098666182609573,1044.2445534186663,978.6001027075864
2021-02-28,2021-02-26,Citibank,0.01,94.5375735473133,0.0008332951413336787,1017.5669784794854,953.5995628531977
2021-02-28,2021-02-26,Falabella,1.33,94.5375735473133,0.11016339761076299,1075.1903022100157,1007.6005057706762
2021-02-28,2021-02-26,GNB,3.74,94.5375735473133,0.30644845397465037,1131.3493652098243,1060.2292359274718
2021-02-28,2021-02-26,Interbank,0.08,94.5375735473133,0.00666422347088691,1010.5244312063801,946.999731939815
2021-02-28,2021-02-26,Pichincha,2.06,94.5375735473133,0.17006686367058155,1045.3792556741198,979.6634740606798
2021-02-28,2021-02-26,Ripley,0.53,94.5375735473133,0.044059740363810995,1015.6641339204708,951.8163370036665
2021-02-28,2021-02-26,Scotiabank,1.09,94.5375735473133,0.09038268036556385,1065.6575728842383,998.667033370223
2021-03-31,2021-03-31,Alfin,1.01,95.3311869507106,0.08377954090970086,1032.9438448073574,959.9513003331457
2021-03-31,2021-03-31,BBVA,0.03,95.3311869507106,0.0024996563158685703,1009.3264452055564,938.0028143895902
2021-03-31,2021-03-31,BIF,0.88,95.3311869507106,0.07303920788652718,1039.7021994560994,966.2320786792156
2021-03-31,2021-03-31,Bancom,1.33,95.3311869507106,0.11016339761076299,1045.3949286980778,971.5225335918939
2021-03-31,2021-03-31,Citibank,0.01,95.3311869507106,0.0008332951413336787,1017.5754578156768,945.6689139760846
2021-03-31,2021-03-31,Falabella,1.2,95.3311869507106,0.09945418011427787,1076.259623909747,1000.2061880342645
2021-03-31,2021-03-31,GNB,2.81,95.3311869507106,0.23120385290706924,1133.965088532029,1053.8339201505432
2021-03-31,2021-03-31,Interbank,0.08,95.3311869507106,0.00666422347088691,1010.5917748127035,939.178730009628
2021-03-31,2021-03-31,Pichincha,1.88,95.3311869507106,0.1553327175071395,1047.0030716802144,973.0170378232555
2021-03-31,2021-03-31,Ripley,0.48,95.3311869507106,0.03991226892567923,1016.0695085209828,944.2693819580136
2021-03-31,2021-03-31,Scotiabank,1.09,95.3311869507106,0.09038268036556385,1066.6207427621298,991.2484343887724
2021-04-30,2021-04-30,Alfin,1.0,95.2313830125361,0.08295381143461622,1033.8007110966043,961.7544946428847
2021-04-30,2021-04-30,BBVA,0.03,95.2313830125361,0.0024996563158685703,1009.3516748977918,939.0093270283721
2021-04-30,2021-04-30,BIF,0.99,95.2313830125361,0.08212800701368206,1040.55608615139,968.0390833960176
2021-04-30,2021-04-30,Bancom,1.3,95.2313830125361,0.10769315803607071,1046.5207475107416,973.5880637844081
2021-04-30,2021-04-30,Citibank,0.01,95.2313830125361,0.0008332951413336787,1017.5839372225262,946.6678778563108
2021-04-30,2021-04-30,Falabella,1.19,95.2313830125361,0.0986298719130696,1077.3211373982615,1002.2419552870107
2021-04-30,2021-04-30,GNB,4.0,95.2313830125361,0.32737397821989145,1137.6773951539813,1058.39194778877
2021-04-30,2021-04-30,Interbank,0.09,95.2313830125361,0.0074969080277487166,1010.6675379485972,940.2334867623156
2021-04-30,2021-04-30,Pichincha,1.78,95.2313830125361,0.14713676651572083,1048.543598145205,975.4699406962769
2021-04-30,2021-04-30,Ripley,0.89,95.2313830125361,0.0738658376514767,1016.820036774573,945.957214107106
2021-04-30,2021-04-30,Scotiabank,1.04,95.2313830125361,0.08625627980207717,1067.5407701344334,993.1431879189103
2021-05-31,2021-05-31,Alfin,1.0,95.4852294275117,0.08295381143461622,1034.6582881890972,959.9933721062533
2021-05-31,2021-05-31,BBVA,0.02,95.4852294275117,0.0016665139084048874,1009.3684958838387,936.5285883490146
2021-05-31,2021-05-31,BIF,1.2,95.4852294275117,0.09945418011427787,1041.590962675501,966.4257581740885
2021-05-31,2021-05-31,Bancom,1.17,95.4852294275117,0.09698103146740245,1047.5356741261978,971.9414764135292
2021-05-31,2021-05-31,Citibank,0.01,95.4852294275117,0.0008332951413336787,1017.592416700034,944.1590394519505
2021-05-31,2021-05-31,Falabella,0.92,95.4852294275117,0.07634527638813449,1078.143621198196,1000.3406364631
2021-05-31,2021-05-31,GNB,3.79,95.4852294275117,0.310476324014175,1141.2096141095956,1058.8555450965664
2021-05-31,2021-05-31,Interbank,0.09,95.4852294275117,0.0074969080277487166,1010.7433067643836,937.8041875959242
2021-05-31,2021-05-31,Pichincha,1.72,95.4852294275117,0.1422156520640705,1050.0347912604832,974.2602476565743
2021-05-31,2021-05-31,Ripley,0.64,95.4852294275117,0.05317752560254352,1017.3607565099605,943.9440967509737
2021-05-31,2021-05-31,Scotiabank,1.06,95.4852294275117,0.0879070645950275,1068.4792138888138,991.3736499050739
2021-06-30,2021-06-30,Alfin,1.0,95.9814390796482,0.08295381143461622,1035.516576674474,955.8225843542597
2021-06-30,2021-06-30,BBVA,0.01,95.9814390796482,0.0008332951413336787,1009.3769069024729,931.694639637161
2021-06-30,2021-06-30,BIF,1.16,95.9814390796482,0.09615649919465508,1042.5925200811378,962.353958806441
2021-06-30,2021-06-30,Bancom,1.17,95.9814390796482,0.09698103146740245,1048.5515850279546,967.8544104516413
2021-06-30,2021-06-30,Citibank,0.01,95.9814390796482,0.0008332951413336787,1017.600896248201,939.28570570718
2021-06-30,2021-06-30,Falabella,0.79,95.9814390796482,0.06559615803181096,1078.8508419917669,995.8218179731812
2021-06-30,2021-06-30,GNB,3.73,95.9814390796482,0.3056426664259426,1144.6976376036694,1056.6010037157582
2021-06-30,2021-06-30,Interbank,0.09,95.9814390796482,0.0074969080277487166,1010.8190812604885,933.0258233700133
2021-06-30,2021-06-30,Pichincha,1.54,95.9814390796482,0.12743632726075482,1051.372917033426,970.4586110115699
2021-06-30,2021-06-30,Ripley,0.23,95.9814390796482,0.01914649144576508,1017.5555454001783,939.2438450883003
2021-06-30,2021-06-30,Scotiabank,1.05,95.9814390796482,0.08708170963593886,1069.4096638553726,987.1072387100874
2021-07-31,2021-07-30,Alfin,1.0,96.948489573628,0.08295381143461622,1036.3755771428628,947.0733417254318
2021-07-31,2021-07-30,BBVA,0.01,96.948489573628,0.0008332951413336787,1009.385317991196,922.4087746586599
2021-07-31,2021-07-30,BIF,1.03,96.948489573628,0.08543077507923158,1043.4832149519611,953.5685298021274
2021-07-31,2021-07-30,Bancom,1.22,96.948489573628,0.1011025725442094,1049.6116976548708,959.16893444419
2021-07-31,2021-07-30,Citibank,0.01,96.948489573628,0.0008332951413336787,1017.6093758670277,929.9241833066328
2021-07-31,2021-07-30,Falabella,0.77,96.948489573628,0.0639413196203309,1079.5406734568712,986.5189953220843
2021-07-31,2021-07-30,GNB,3.71,96.948489573628,0.30403087768253734,1148.177871878087,1049.2418752404437
2021-07-31,2021-07-30,Interbank,0.09,96.948489573628,0.0074969080277487166,1010.8948614373375,923.7882440204895
2021-07-31,2021-07-30,Pichincha,1.5,96.948489573628,0.12414877164492744,1052.6781835953302,961.9711879428602
2021-07-31,2021-07-30,Ripley,0.27,96.948489573628,0.022472204186096967,1017.7842125600475,930.0839547010639
2021-07-31,2021-07-30,Scotiabank,0.86,96.948489573628,0.07138572299192347,1070.1730696756613,977.958577638865
2021-08-31,2021-08-31,Alfin,1.0,97.9033694822447,0.08295381143461622,1037.2352901848806,938.6142321402269
2021-08-31,2021-08-31,BBVA,0.02,97.9033694822447,0.0016665139084048874,1009.4021395379098,913.4274769557853
2021-08-31,2021-08-31,BIF,1.0,97.9033694822447,0.08295381143461622,1044.3488240504441,945.0514062223383
2021-08-31,2021-08-31,Bancom,1.24,97.9033694822447,0.10275066643834485,1050.690180669226,950.7898222112548
2021-08-31,2021-08-31,Citibank,0.01,97.9033694822447,0.0008332951413336787,1017.6178555565145,920.8620369396733
2021-08-31,2021-08-31,Falabella,0.82,97.9033694822447,0.06807785134408384,1080.2756015517464,977.5622405496653
2021-08-31,2021-08-31,GNB,3.73,97.9033694822447,0.3056426664259426,1151.687193341008,1042.1839681629262
2021-08-31,2021-08-31,Interbank,0.09,97.9033694822447,0.0074969080277487166,1010.9706472953566,914.8468498968077
2021-08-31,2021-08-31,Pichincha,1.42,97.9033694822447,0.11757009600361634,1053.9158183463924,953.7087639982975
2021-08-31,2021-08-31,Ripley,0.58,97.9033694822447,0.048205321330185846,1018.2748387101601,921.4565536748088
2021-08-31,2021-08-31,Scotiabank,0.72,97.9033694822447,0.0598029060451033,1070.8130642710394,968.9994079427589
2021-09-30,2021-09-30,Alfin,1.0,98.2953966184284,0.08295381143461622,1038.0957163916337,935.6463099172604
2021-09-30,2021-09-30,BBVA,0.01,98.2953966184284,0.0008332951413336787,1009.4105508368951,909.7920761728534
2021-09-30,2021-09-30,BIF,1.04,98.2953966184284,0.08625627980207717,1045.249640494227,942.094215040389
2021-09-30,2021-09-30,Bancom,1.15,98.2953966184284,0.09533189220309879,1051.6918234996501,947.900620617119
2021-09-30,2021-09-30,Citibank,0.01,98.2953966184284,0.0008332951413336787,1017.6263353166621,917.1970469382558
2021-09-30,2021-09-30,Falabella,0.91,98.2953966184284,0.07551887188801398,1081.0914134993197,974.3987724367665
2021-09-30,2021-09-30,GNB,3.75,98.2953966184284,0.3072541703255549,1155.2258002716535,1041.2168551301593
2021-09-30,2021-09-30,Interbank,0.08,98.2953966184284,0.00666422347088691,1011.0380206385174,911.2589313870168
2021-09-30,2021-09-30,Pichincha,1.26,98.2953966184284,0.10439846190974933,1055.0160902505697,950.8968163142653
2021-09-30,2021-09-30,Ripley,0.38,98.2953966184284,0.03161164741767308,1018.5967321619161,918.0716755616868
2021-09-30,2021-09-30,Scotiabank,0.72,98.2953966184284,0.0598029060451033,1071.453441601784,965.7119695739624
2021-10-31,2021-10-29,Alfin,1.0,98.8691125131803,0.08295381143461622,1038.9568563547202,930.9886088840426
2021-10-31,2021-10-29,BBVA,0.01,98.8691125131803,0.0008332951413336787,1009.4189622059713,904.5202884579257
2021-10-31,2021-10-29,BIF,1.1,98.8691125131803,0.0912077359674468,1046.2029890265294,937.4817244880785
2021-10-31,2021-10-29,Bancom,1.07,98.8691125131803,0.08873234469353175,1052.6250143135915,943.2363738285692
2021-10-31,2021-10-29,Citibank,0.01,98.8691125131803,0.0008332951413336787,1017.6348151474713,911.8823511403356
2021-10-31,2021-10-29,Falabella,0.91,98.8691125131803,0.07551887188801398,1081.9078415388726,969.476133849315
2021-10-31,2021-10-29,GNB,3.73,98.8691125131803,0.3056426664259426,1158.7566632108444,1038.3388369973463
2021-10-31,2021-10-29,Interbank,0.08,98.8691125131803,0.00666422347088691,1011.1053984715885,906.0314705087447
2021-10-31,2021-10-29,Pichincha,1.21,98.8691125131803,0.10027841365327639,1056.0740436496596,946.3269805308075
2021-10-31,2021-10-29,Ripley,0.29,98.8691125131803,0.024134604527370485,1018.8425664549521,912.9645931051988
2021-10-31,2021-10-29,Scotiabank,0.72,98.8691125131803,0.0598029060451033,1072.0942018967821,960.6823262310323
2021-11-30,2021-11-30,Alfin,1.01,99.2232454403164,0.08377954090970086,1039.827289639224,928.443056285259
2021-11-30,2021-11-30,BBVA,0.01,99.2232454403164,0.0008332951413336787,1009.4273736451391,901.2995188943946
2021-11-30,2021-11-30,BIF,0.99,99.2232454403164,0.08212800701368206,1047.0622146907344,934.9029905394847
2021-11-30,2021-11-30,Bancom,1.06,99.2232454403164,0.0879070645950275,1053.5503460648677,940.6961261713361
2021-11-30,2021-11-30,Citibank,0.01,99.2232454403164,0.0008332951413336787,1017.6432950489425,908.6353671206836
2021-11-30,2021-11-30,Falabella,0.91,99.2232454403164,0.07551887188801398,1082.7248861356707,966.7455474732632
2021-11-30,2021-11-30,GNB,3.72,99.2232454403164,0.3048368076662866,1162.2889800315968,1037.786893707724
2021-11-30,2021-11-30,Interbank,0.08,99.2232454403164,0.00666422347088691,1011.1727807948689,902.8579614979923
2021-11-30,2021-11-30,Pichincha,1.12,99.2232454403164,0.09285762277395637,1057.0546889013256,943.8250907655248
2021-11-30,2021-11-30,Ripley,0.26,99.2232454403164,0.02164089003005021,1019.0630530543378,909.9030434692934
2021-11-30,2021-11-30,Scotiabank,0.51,99.2232454403164,0.04240097874610438,1072.5487803314666,957.6594859050815
2021-12-31,2021-12-31,Alfin,1.03,100.0,0.08543077507923158,1040.7156221522482,922.0183475791348
2021-12-31,2021-12-31,BBVA,0.01,100.0,0.0008332951413336787,1009.4357851543989,894.3060859320404
2021-12-31,2021-12-31,BIF,1.02,100.0,0.08460519545316902,1047.9480837239898,928.4259214882456
2021-12-31,2021-12-31,Bancom,1.11,100.0,0.09203271676554436,1054.519957070844,934.2482495813271
2021-12-31,2021-12-31,Citibank,0.01,100.0,0.0008332951413336787,1017.6517750210763,901.5850132771827
2021-12-31,2021-12-31,Falabella,0.91,100.0,0.07551887188801398,1083.542547755331,959.9607117907794
2021-12-31,2021-12-31,GNB,3.75,100.0,0.3072541703255549,1165.8601613939784,1032.8897122672035
2021-12-31,2021-12-31,Interbank,0.14,100.0,0.011659187244639213,1011.2906753227486,895.9494193571943
2021-12-31,2021-12-31,Pichincha,1.3,100.0,0.10769315803607071,1058.1930644779718,937.5024261785775
2021-12-31,2021-12-31,Ripley,0.26,100.0,0.02164089003005021,1019.2835873689863,903.0307116913833
2021-12-31,2021-12-31,Scotiabank,0.39,100.0,0.032442050589875926,1072.896737149383,950.5290933019194
2022-01-31,2022-01-31,Alfin,1.14,100.037268,0.09450721047856714,1041.699173455759,922.545906990915
2022-01-31,2022-01-31,BBVA,0.03,100.037268,0.0024996563158685703,1009.4610175797571,893.9952663547355
2022-01-31,2022-01-31,BIF,0.83,100.037268,0.0689049320240942,1048.6701716387277,928.7195375410903
2022-01-31,2022-01-31,Bancom,1.08,100.037268,0.08955754994564025,1055.4643593080843,934.7365817947588
2022-01-31,2022-01-31,Citibank,0.01,100.037268,0.0008332951413336787,1017.6602550638731,901.2566458145311
2022-01-31,2022-01-31,Falabella,0.91,100.037268,0.07551887188801398,1084.3608268638225,960.3277683381876
2022-01-31,2022-01-31,GNB,3.72,100.037268,0.3048368076662866,1169.4141322918247,1035.6523733662862
2022-01-31,2022-01-31,Interbank,0.15,100.037268,0.012491414476678564,1011.4169998325673,895.7275163818624
2022-01-31,2022-01-31,Pichincha,1.43,100.037268,0.1183926905437227,1059.4458877181544,938.2626887859863
2022-01-31,2022-01-31,Ripley,0.18,100.037268,0.014987639212593606,1019.4363539156144,902.8295881455205
2022-01-31,2022-01-31,Scotiabank,0.35,100.037268,0.02911998282955075,1073.2091644950196,950.4516728812293
2022-02-28,2022-02-28,Alfin,1.09,100.34884,0.09038268036556385,1042.6406890900744,920.5127372339846
2022-02-28,2022-02-28,BBVA,0.5,100.34884,0.04157148447290204,1009.8806655099404,891.5900035509969
2022-02-28,2022-02-28,BIF,0.89,100.34884,0.0738658376514767,1049.44478064521,926.5198430445918
2022-02-28,2022-02-28,Bancom,1.07,100.34884,0.08873234469353175,1056.400897581503,932.6611670007237
2022-02-28,2022-02-28,Citibank,0.01,100.34884,0.0008332951413336787,1017.6687351773339,898.4658308636235
2022-02-28,2022-02-28,Falabella,0.91,100.34884,0.07551887188801398,1085.1797239274656,958.0690342471314
2022-02-28,2022-02-28,GNB,3.74,100.34884,0.30644845397465037,1172.9977838207942,1035.6006743767084
2022-02-28,2022-02-28,Interbank,0.08,100.34884,0.00666422347088691,1011.4844029216588,893.0058898962285
2022-02-28,2022-02-28,Pichincha,1.5,100.34884,0.12414877164492744,1060.761176773999,936.5107122722513
2022-02-28,2022-02-28,Ripley,0.11,100.34884,0.009162048384192545,1019.5297551676061,900.1088634281666
2022-02-28,2022-02-28,Scotiabank,0.49,100.34884,0.04074191453755649,1073.6464104556273,947.8866559221452
2022-03-31,2022-03-31,Alfin,1.42,101.836672,0.11757009600361634,1043.8665227492104,908.1304983025673
2022-03-31,2022-03-31,BBVA,0.04,101.836672,0.0033327223783574667,1009.9143220288744,878.5931692603223
2022-03-31,2022-03-31,BIF,0.77,101.836672,0.0639413196203309,1050.1158094866412,913.5671779500303
2022-03-31,2022-03-31,Bancom,1.1,101.836672,0.0912077359674468,1057.364416922927,919.8732346533118
2022-03-31,2022-03-31,Citibank,0.01,101.836672,0.0008332951413336787,1017.677215361459,885.3466382496554
2022-03-31,2022-03-31,Falabella,0.91,101.836672,0.07551887188801398,1085.999239412933,944.7846146525173
2022-03-31,2022-03-31,GNB,3.66,101.836672,0.3000001589411161,1176.5167790366322,1023.5319799259041
2022-03-31,2022-03-31,Interbank,0.08,101.836672,0.00666422347088691,1011.5518105026426,880.0177318755995
2022-03-31,2022-03-31,Pichincha,1.32,101.836672,0.10934005891671816,1061.9210136696495,923.837328130768
2022-03-31,2022-03-31,Ripley,0.08,101.836672,0.00666422347088691,1019.5976989088426,887.0173975305203
2022-03-31,2022-03-31,Scotiabank,0.92,101.836672,0.07634527638813449,1074.4660887751209,934.751142357486
2022-04-30,2022-04-29,Alfin,1.54,102.816232,0.12743632726075482,1045.1967879073065,900.6247385428422
2022-04-30,2022-04-29,BBVA,0.01,102.816232,0.0008332951413336787,1009.9227375958515,870.2298093709793
2022-04-30,2022-04-29,BIF,0.92,102.816232,0.07634527638813449,1050.9175233037893,905.5541794675946
2022-04-30,2022-04-29,Bancom,1.07,102.816232,0.08873234469353175,1058.3026411620176,911.9177847877871
2022-04-30,2022-04-29,Citibank,0.01,102.816232,0.0008332951413336787,1017.6856956162492,876.9189918467866
2022-04-30,2022-04-29,Falabella,0.91,102.816232,0.07551887188801398,1086.8193737872502,936.4900712335947
2022-04-30,2022-04-29,GNB,3.78,102.816232,0.3096708923229885,1180.1601090446045,1016.9198776194967
2022-04-30,2022-04-29,Interbank,0.21,102.816232,0.017483178814159395,1011.7286619144708,871.785937495465
2022-04-30,2022-04-29,Pichincha,1.58,102.816232,0.13072269593599195,1063.3091854474292,916.2318218095426
2022-04-30,2022-04-29,Ripley,0.09,102.816232,0.0074969080277487166,1019.6741372105829,878.6323913823805
2022-04-30,2022-04-29,Scotiabank,0.83,102.816232,0.0689049320240942,1075.2064489032134,926.483450893377
2022-05-31,2022-05-31,Alfin,1.18,103.211072,0.09780548903548514,1046.2190477371025,898.0568365115043
2022-05-31,2022-05-31,BBVA,0.03,103.211072,0.0024996563158685703,1009.9479821933472,866.9223638123306
2022-05-31,2022-05-31,BIF,1.12,103.211072,0.09285762277395637,1051.8933803332443,902.9275881878642
2022-05-31,2022-05-31,Bancom,1.1,103.211072,0.0912077359674468,1059.267895040705,909.2577475969424
2022-05-31,2022-05-31,Citibank,0.01,103.211072,0.0008332951413336787,1017.6941759417049,873.5715662596591
2022-05-31,2022-05-31,Falabella,0.91,103.211072,0.07551887188801398,1087.6401275177948,933.6119948248582
2022-05-31,2022-05-31,GNB,4.22,103.211072,0.34504276924163246,1184.232166166337,1016.5249764308904
2022-05-31,2022-05-31,Interbank,0.22,103.211072,0.01831487316386049,1011.9139587356627,868.609925014802
2022-05-31,2022-05-31,Pichincha,1.89,103.211072,0.15615190697231274,1064.9695630175172,914.1519635043759
2022-05-31,2022-05-31,Ripley,0.15,103.211072,0.012491414476678564,1019.8015089333734,875.3804654610907
2022-05-31,2022-05-31,Scotiabank,1.05,103.211072,0.08708170963593886,1076.1427570610342,923.7428453738594
2022-06-30,2022-06-30,Alfin,1.18,104.439931,0.09780548903548514,1047.242307393124,888.3581524278776
2022-06-30,2022-06-30,BBVA,0.03,104.439931,0.0024996563158685703,1009.9732274218711,856.7434145661455
2022-06-30,2022-06-30,BIF,1.17,104.439931,0.09698103146740245,1052.9135173834288,893.1689451101927
2022-06-30,2022-06-30,Bancom,1.09,104.439931,0.09038268036556385,1060.2252897564947,899.3713994519
2022-06-30,2022-06-30,Citibank,0.01,104.439931,0.0008332951413336787,1017.7026563378266,863.3001599751364
2022-06-30,2022-06-30,Falabella,0.91,104.439931,0.07551887188801398,1088.4615010722976,923.3237057510128
2022-06-30,2022-06-30,GNB,4.25,104.439931,0.3474495003497502,1188.346774910663,1008.0547147022136
2022-06-30,2022-06-30,Interbank,0.12,104.439931,0.009994504212973432,1012.0150945189001,858.4754963098017
2022-06-30,2022-06-30,Pichincha,1.71,104.439931,0.1413952076400271,1066.4753789424487,904.6732456841868
2022-06-30,2022-06-30,Ripley,0.16,104.439931,0.01332356553898073,1019.9373828557837,865.1958411433425
2022-06-30,2022-06-30,Scotiabank,0.95,104.439931,0.0788240395869666,1076.9910162538722,913.5934851241228
2022-07-31,2022-07-27,Alfin,1.15,105.422597,0.09533189220309879,1048.2406633007133,880.9165755382563
2022-07-31,2022-07-27,BBVA,0.01,105.422597,0.0008332951413336787,1009.981643479704,848.7646032821435
2022-07-31,2022-07-27,BIF,0.92,105.422597,0.07634527638813449,1053.7173671184032,885.5190674480102
2022-07-31,2022-07-27,Bancom,1.11,105.422597,0.09203271676554436,1061.201043894493,891.8081718005067
2022-07-31,2022-07-27,Citibank,0.01,105.422597,0.0008332951413336787,1017.7111368046152,855.2602860283043
2022-07-31,2022-07-27,Falabella,0.91,105.422597,0.07551887188801398,1089.2834949188427,915.4079971604529
2022-07-31,2022-07-27,GNB,4.15,105.422597,0.33942459274463044,1192.3803161117976,1002.0481188937612
2022-07-31,2022-07-27,Interbank,0.13,105.422597,0.010826883828274347,1012.1246642175083,850.5655470498749
2022-07-31,2022-07-27,Pichincha,1.67,105.422597,0.138112690341341,1067.9483167801343,897.4784198005465
2022-07-31,2022-07-27,Ripley,0.12,105.422597,0.009994504212973432,1020.0393205404828,857.2168363851339
2022-07-31,2022-07-27,Scotiabank,0.95,105.422597,0.0788240395869666,1077.8399440788723,905.7911086243774
2022-08-31,2022-08-31,Alfin,0.72,106.125283,0.0598029060451033,1048.8675416797134,875.6070992361396
2022-08-31,2022-08-31,BBVA,0.83,106.125283,0.0689049320240942,1010.6775706445994,843.7256571768147
2022-08-31,2022-08-31,BIF,0.88,106.125283,0.07303920788652718,1054.4869939367093,880.2982848191773
2022-08-31,2022-08-31,Bancom,1.22,106.125283,0.1011025725442094,1062.2739454497364,886.798924561823
2022-08-31,2022-08-31,Citibank,0.01,106.125283,0.0008332951413336787,1017.719617342071,849.6044415193866
2022-08-31,2022-08-31,Falabella,0.98,106.125283,0.08130212763268752,1090.1691055761635,910.0861360260204
2022-08-31,2022-08-31,GNB,3.19,106.125283,0.26202404401427515,1195.504639236104,998.0214924074039
2022-08-31,2022-08-31,Interbank,0.11,106.125283,0.009162048384192545,1012.2173955689524,845.0111213386525
2022-08-31,2022-08-31,Pichincha,2.36,106.125283,0.1945709215699809,1070.0262336619844,893.2706269686859
2022-08-31,2022-08-31,Ripley,0.11,106.125283,0.009162048384192545,1020.1327770365684,851.6189759349606
2022-08-31,2022-08-31,Scotiabank,0.81,106.125283,0.0672506954615848,1078.5647989372283,900.3987228198756
2022-09-30,2022-09-30,Alfin,0.28,106.679849,0.023303442347044623,1049.1119639225856,871.2583170786367
2022-09-30,2022-09-30,BBVA,0.06,106.679849,0.00499862552685304,1010.7280906316398,839.3815775155972
2022-09-30,2022-09-30,BIF,0.73,106.679849,0.060630739394196276,1055.1263371979487,876.253086863344
2022-09-30,2022-09-30,Bancom,1.3,106.679849,0.10769315803607071,1063.4179418085855,883.1390339570501
2022-09-30,2022-09-30,Citibank,0.01,106.679849,0.0008332951413336787,1017.7280979501949,845.1948889691233
2022-09-30,2022-09-30,Falabella,2.11,106.679849,0.17415545459757986,1092.067694537862,906.9318570360083
2022-09-30,2022-09-30,GNB,4.2,106.679849,0.3434379290046863,1199.6104556102514,996.2431300440758
2022-09-30,2022-09-30,Interbank,0.09,106.679849,0.0074969080277487166,1012.2932805761391,840.6814242467832
2022-09-30,2022-09-30,Pichincha,2.33,106.679849,0.1921234803683225,1072.08200530295,890.3342977980402
2022-09-30,2022-09-30,Ripley,0.24,106.679849,0.019978033674417084,1020.3365795062887,847.3611603766055
2022-09-30,2022-09-30,Scotiabank,0.84,106.679849,0.06973193751587115,1079.3169030688914,896.3426792373499
2022-10-31,2022-10-31,Alfin,0.17,107.050724,0.014155640446089635,1049.2604724400753,868.3627657282625
2022-10-31,2022-10-31,BBVA,0.16,107.050724,0.01332356553898073,1010.8627556512159,836.5850056541749
2022-10-31,2022-10-31,BIF,0.69,107.050724,0.05731895386635877,1055.731124576399,873.7178453607743
2022-10-31,2022-10-31,Bancom,1.22,107.050724,0.1011025725442094,1064.4930847046505,880.9692001292193
2022-10-31,2022-10-31,Citibank,0.01,107.050724,0.0008332951413336787,1017.7365786289869,842.2737474765203
2022-10-31,2022-10-31,Falabella,2.67,107.050724,0.21982271766594064,1094.4683074227469,905.7765458612805
2022-10-31,2022-10-31,GNB,4.14,107.050724,0.33862171355991677,1203.6725970910827,996.1534746569112
2022-10-31,2022-10-31,Interbank,0.12,107.050724,0.009994504212973432,1012.3944542707139,837.8526318389262
2022-10-31,2022-10-31,Pichincha,2.15,107.050724,0.1774250061985505,1073.9841468673121,888.8239561271284
2022-10-31,2022-10-31,Ripley,0.17,107.050724,0.014155640446089635,1020.4810146838234,844.5450291511269
2022-10-31,2022-10-31,Scotiabank,0.92,107.050724,0.07634527638813449,1080.1409105416433,893.919263224464
2022-11-30,2022-11-30,Alfin,0.31,107.604861,0.025796701004310307,1049.531147026907,864.1137790767426
2022-11-30,2022-11-30,BBVA,0.12,107.604861,0.009994504212973432,1010.963786371917,832.3599927703466
2022-11-30,2022-11-30,BIF,0.83,107.604861,0.0689049320240942,1056.4585753901454,869.8173604513389
2022-11-30,2022-11-30,Bancom,1.19,107.604861,0.0986298719130696,1065.5429928706183,877.2968624575437
2022-11-30,2022-11-30,Citibank,0.11,107.604861,0.009162048384192545,1017.8298241467445,838.0130292387705
2022-11-30,2022-11-30,Falabella,2.74,107.604861,0.2255150623197144,1096.9364983083008,903.1441759928005
2022-11-30,2022-11-30,GNB,4.12,107.604861,0.3370157431537901,1207.7291632393076,994.3634491498849
2022-11-30,2022-11-30,Interbank,0.12,107.604861,0.009994504212973432,1012.495638077098,833.621217051016
2022-11-30,2022-11-30,Pichincha,1.96,107.604861,0.161884170512816,1075.7227571949074,885.6781998245106
2022-11-30,2022-11-30,Ripley,0.16,107.604861,0.01332356553898073,1020.6169791406277,840.3077863228833
2022-11-30,2022-11-30,Scotiabank,1.11,107.604861,0.09203271676554436,1081.134993566511,890.1342734127707
2022-12-31,2022-12-30,Alfin,0.39,108.459162,0.032442050589875926,1049.871636452582,857.5855364504048
2022-12-31,2022-12-30,BBVA,0.12,108.459162,0.009994504212973432,1011.0648271901374,825.8862722892045
2022-12-31,2022-12-30,BIF,1.12,108.459162,0.09285762277395637,1057.4395777088444,863.7673940573086
2022-12-31,2022-12-30,Bancom,1.18,108.459162,0.09780548903548514,1066.5851524056786,871.2379383697858
2022-12-31,2022-12-30,Citibank,0.01,108.459162,0.0008332951413336787,1017.838305673216,831.4191745763582
2022-12-31,2022-12-30,Falabella,2.74,108.459162,0.2255150623197144,1099.4102553360685,898.0510577342783
2022-12-31,2022-12-30,GNB,4.2,108.459162,0.3434379290046863,1211.8769632655224,989.9192620972293
2022-12-31,2022-12-30,Interbank,0.1,108.459162,0.008329516327321151,1012.579974066585,827.1239169704437
2022-12-31,2022-12-30,Pichincha,1.97,108.459162,0.16270277079681872,1077.4729879269555,880.1316449355214
2022-12-31,2022-12-30,Ripley,0.22,108.459162,0.01831487316386049,1020.8039038458461,833.8416174841071
2022-12-31,2022-12-30,Scotiabank,1.24,108.459162,0.10275066643834485,1082.2458669774985,884.0303615965441
2023-01-31,2023-01-31,Alfin,0.38,108.704764,0.03161164741767308,1050.2035181726355,855.9184358384792
2023-01-31,2023-01-31,BBVA,0.19,108.704764,0.015819561853080977,1011.2247732158495,824.1506633667105
2023-01-31,2023-01-31,BIF,1.49,108.704764,0.12332669717645128,1058.7436830146692,862.878691071784
2023-01-31,2023-01-31,Bancom,1.28,108.704764,0.10604595907135472,1067.71622285986,870.19133299014
2023-01-31,2023-01-31,Citibank,0.01,108.704764,0.0008332951413336787,1017.8467872703638,829.5476210168835
2023-01-31,2023-01-31,Falabella,2.74,108.704764,0.2255150623197144,1101.8895910585388,898.0427116513354
2023-01-31,2023-01-31,GNB,4.15,108.704764,0.33942459274463044,1215.9903717126524,991.0351269456103
2023-01-31,2023-01-31,Interbank,0.29,108.704764,0.024134604527370485,1012.8243562388495,825.4543274426243
2023-01-31,2023-01-31,Pichincha,2.82,108.704764,0.23201624741928661,1079.9729003205,880.1805550972433
2023-01-31,2023-01-31,Ripley,0.11,108.704764,0.009162048384192545,1020.8974303934242,832.0339026232664
2023-01-31,2023-01-31,Scotiabank,1.4,108.704764,0.11592468385308585,1083.5004570773053,883.0555224815365
2023-02-28,2023-02-28,Alfin,0.24,109.024924,0.019978033674417084,1050.413328185146,853.5754596388086
2023-02-28,2023-02-28,BBVA,0.08,109.024924,0.00666422347088691,1011.2921634945295,821.7852440766233
2023-02-28,2023-02-28,BIF,1.4,109.024924,0.11592468385308585,1059.9710282820186,861.3421339891554
2023-02-28,2023-02-28,Bancom,1.25,109.024924,0.10357460146983577,1068.8221056825157,868.5346002857144
2023-02-28,2023-02-28,Citibank,0.01,109.024924,0.0008332951413336787,1017.8552689381884,827.1184834743069
2023-02-28,2023-02-28,Falabella,2.74,109.024924,0.2255150623197144,1104.374518056509,897.4248151365022
2023-02-28,2023-02-28,GNB,4.16,109.024924,0.3402274012677786,1220.1275041539968,991.4867483408689
2023-02-28,2023-02-28,Interbank,0.28,109.024924,0.023303442347044623,1013.0603791787825,823.2221122835741
2023-02-28,2023-02-28,Pichincha,2.92,109.024924,0.24013621145706487,1082.5663063280929,879.7032632002321
2023-02-28,2023-02-28,Ripley,0.12,109.024924,0.009994504212973432,1020.999464030115,829.6734851091608
2023-02-28,2023-02-28,Scotiabank,1.44,109.024924,0.11921521074573782,1084.792154430641,881.5120076879865
2023-03-31,2023-03-31,Alfin,0.26,110.391537,0.02164089003005021,1050.6406469783597,843.1908946423478
2023-03-31,2023-03-31,BBVA,0.03,110.391537,0.0024996563158685703,1011.3174423229663,811.6320850636924
2023-03-31,2023-03-31,BIF,2.74,110.391537,0.2255150623197144,1062.3614226070197,852.5973946827328
2023-03-31,2023-03-31,Bancom,1.27,110.391537,0.10522224777222977,1069.9467443268013,858.6849891665814
2023-03-31,2023-03-31,Citibank,0.12,110.391537,0.009994504212973432,1017.9569985259243,816.9606561130815
2023-03-31,2023-03-31,Falabella,2.74,110.391537,0.2255150623197144,1106.865048939147,888.313747947512
2023-03-31,2023-03-31,GNB,4.11,110.391537,0.3362126519063313,1224.2297271923514,982.504685962657
2023-03-31,2023-03-31,Interbank,0.11,110.391537,0.009162048384192545,1013.153196260884,813.1053680646003
2023-03-31,2023-03-31,Pichincha,2.71,110.391537,0.22307592150201394,1084.9812510918043,870.7509217441457
2023-03-31,2023-03-31,Ripley,0.21,110.391537,0.017483178814159395,1021.1779671921031,819.5456421966308
2023-03-31,2023-03-31,Scotiabank,1.43,110.391537,0.1183926905437227,1086.0764690490785,871.6298881270648
2023-04-30,2023-04-28,Alfin,0.36,111.005592,0.0299506135519767,1050.9553202983561,838.7777186590633
2023-04-30,2023-04-28,BBVA,0.33,111.005592,0.02745849373302356,1011.5951348594876,807.3639697481779
2023-04-30,2023-04-28,BIF,2.94,111.005592,0.24175933636538804,1064.9297805321162,849.9308720310235
2023-04-30,2023-04-28,Bancom,1.26,111.005592,0.10439846190974933,1071.063752271132,854.8264548614242
2023-04-30,2023-04-28,Citibank,0.01,111.005592,0.0008332951413336787,1017.965481112134,812.4482053894667
2023-04-30,2023-04-28,Falabella,2.74,111.005592,0.2255150623197144,1109.3611963440576,885.3920194953632
2023-04-30,2023-04-28,GNB,4.03,111.005592,0.32978537514263273,1228.2670577907804,980.2919503232113
2023-04-30,2023-04-28,Interbank,0.51,111.005592,0.04240097874610438,1013.5827831322961,808.9503312723667
2023-04-30,2023-04-28,Pichincha,3.93,111.005592,0.3217449047942411,1088.472122985165,868.7202457686747
2023-04-30,2023-04-28,Ripley,0.21,111.005592,0.017483178814159395,1021.356501562118,815.1546119721521
2023-04-30,2023-04-28,Scotiabank,1.2,111.005592,0.09945418011427787,1087.1566174967852,867.6703279737741
2023-05-31,2023-05-31,Alfin,0.78,111.358436,0.06476877645593682,1051.636011200412,836.6615600400478
2023-05-31,2023-05-31,BBVA,0.64,111.358436,0.05317752560254352,1012.1330761213217,805.2337780532879
2023-05-31,2023-05-31,BIF,3.68,111.358436,0.30161266025487965,1068.1417435730257,849.7932060177385
2023-05-31,2023-05-31,Bancom,1.35,111.358436,0.11180985157674961,1072.2613070628386,853.0706521867191
2023-05-31,2023-05-31,Citibank,0.03,111.358436,0.0024996563158685703,1017.990926750576,809.8941723282605
2023-05-31,2023-05-31,Falabella,2.74,111.358436,0.2255150623197144,1111.8629729373436,884.5769825119116
2023-05-31,2023-05-31,GNB,4.17,111.358436,0.3410301391423509,1232.455818647004,980.518351337751
2023-05-31,2023-05-31,Interbank,0.51,111.358436,0.04240097874610438,1014.0125521527461,806.729053349837
2023-05-31,2023-05-31,Pichincha,4.41,111.358436,0.3602746873047291,1092.393612522649,869.087530568414
2023-05-31,2023-05-31,Ripley,0.26,111.358436,0.02164089003005021,1021.5775321994358,812.7476072412262
2023-05-31,2023-05-31,Scotiabank,1.19,111.358436,0.0986298719130696,1088.2288786761167,865.7741477248445
2023-06-30,2023-06-30,Alfin,0.75,111.188314,0.06228618011265841,1052.2910351004778,838.4636032846123
2023-06-30,2023-06-30,BBVA,0.04,111.188314,0.0033327223783574667,1012.1668077068482,806.4926910965584
2023-06-30,2023-06-30,BIF,3.57,111.188314,0.2927403719995114,1071.2686256866432,853.5849133155555
2023-06-30,2023-06-30,Bancom,1.34,111.188314,0.11098666182609573,1073.4513740936004,855.3241233186003
2023-06-30,2023-06-30,Citibank,0.02,111.188314,0.0016665139084048874,1018.0078917109565,811.1468563206355
2023-06-30,2023-06-30,Falabella,2.74,111.188314,0.2255150623197144,1114.370391413673,887.9283226899058
2023-06-30,2023-06-30,GNB,4.05,111.188314,0.3313926189799865,1236.5400862621896,985.2729157141044
2023-06-30,2023-06-30,Interbank,0.1,111.188314,0.008329516327321151,1014.0970144938389,808.030676391235
2023-06-30,2023-06-30,Pichincha,4.1,111.188314,0.33540948994528197,1096.0576043666063,873.3367269226748
2023-06-30,2023-06-30,Ripley,0.37,111.188314,0.030781168409865778,1021.8919857000594,814.2416954221474
2023-06-30,2023-06-30,Scotiabank,1.89,111.188314,0.15615190697231274,1089.928168822393,868.4528037102993
2023-07-31,2023-07-31,Alfin,0.63,111.623134,0.05234901362565214,1052.8418990778239,835.6346454135428
2023-07-31,2023-07-31,BBVA,0.14,111.623134,0.011659187244639213,1012.2848181301869,803.44472023449
2023-07-31,2023-07-31,BIF,3.63,111.623134,0.29758087216387175,1074.4565162061795,852.7900444678768
2023-07-31,2023-07-31,Bancom,1.28,111.623134,0.10604595907135472,1074.5897258984228,852.895772245277
2023-07-31,2023-07-31,Citibank,0.01,111.623134,0.0008332951413336787,1018.0163747212565,807.993824201421
2023-07-31,2023-07-31,Falabella,2.74,111.623134,0.2255150623197144,1116.883464496342,886.464072754063
2023-07-31,2023-07-31,GNB,4.05,111.623134,0.3313926189799865,1240.6378888387912,984.6872576352297
2023-07-31,2023-07-31,Interbank,0.08,111.623134,0.00666422347088691,1014.1645961850962,804.9366894178462
2023-07-31,2023-07-31,Pichincha,4.07,111.623134,0.3329995796502061,1099.707471581871,872.8315845701476
2023-07-31,2023-07-31,Ripley,0.4,111.623134,0.03327237794097382,1022.2319934636901,811.3397368936473
2023-07-31,2023-07-31,Scotiabank,2.14,111.623134,0.17660772833825167,1091.8530662018688,866.5975875565398
2023-08-31,2023-08-31,Alfin,1.03,112.042985,0.08543077507923158,1053.741350072565,833.2145430147361
2023-08-31,2023-08-31,BBVA,1.95,112.042985,0.1610654966296199,1013.9152596998144,801.7232499306128
2023-08-31,2023-08-31,BIF,3.77,112.042985,0.30886538948657893,1077.7751405098236,852.2185459559829
2023-08-31,2023-08-31,Bancom,1.32,112.042985,0.10934005891671816,1075.7646829378332,850.628836596109
2023-08-31,2023-08-31,Citibank,0.01,112.042985,0.0008332951413336787,1018.024857802245,804.9727920546408
2023-08-31,2023-08-31,Falabella,2.74,112.042985,0.2255150623197144,1119.4022049373393,885.133905556922
2023-08-31,2023-08-31,GNB,3.91,112.042985,0.3201359597605702,1244.6096168513784,984.1379320125884
2023-08-31,2023-08-31,Interbank,0.19,112.042985,0.015819561853080977,1014.3250325806819,802.0472656140139
2023-08-31,2023-08-31,Pichincha,4.26,112.042985,0.34825160297176083,1103.5372204796552,872.5891422960564
2023-08-31,2023-08-31,Ripley,0.36,112.042985,0.0299506135519767,1022.5381582176572,808.5415497415787
2023-08-31,2023-08-31,Scotiabank,1.88,112.042985,0.1553327175071395,1093.5490712407852,864.6913111982686
2023-09-30,2023-09-29,Alfin,0.79,112.061363,0.06559615803181096,1054.432563913805,833.6243633954501
2023-09-30,2023-09-29,BBVA,0.27,112.061363,0.022472204186096967,1014.1431088072482,801.7719031109453
2023-09-30,2023-09-29,BIF,3.46,112.061363,0.283859441682921,1080.834507006272,854.4974886725823
2023-09-30,2023-09-29,Bancom,1.33,112.061363,0.11016339761076299,1076.9497818628543,851.4262618957578
2023-09-30,2023-09-29,Citibank,0.01,112.061363,0.0008332951413336787,1018.0333409539226,804.8474836722045
2023-09-30,2023-09-29,Falabella,2.74,112.061363,0.2255150623197144,1121.926625517412,886.9845270160034
2023-09-30,2023-09-29,GNB,3.92,112.061363,0.32094046775821283,1248.604072777465,987.1345128403741
2023-09-30,2023-09-29,Interbank,0.19,112.061363,0.015819561853080977,1014.4854943566022,802.0425898721325
2023-09-30,2023-09-29,Pichincha,4.01,112.061363,0.3281778480337616,1107.158785182077,875.3092128047518
2023-09-30,2023-09-29,Ripley,0.31,112.061363,0.025796701004310307,1022.8019393289876,808.6174922253803
2023-09-30,2023-09-29,Scotiabank,2.02,112.061363,0.16679466871305504,1095.3730527913758,865.9915247917036
2023-10-31,2023-10-31,Alfin,0.62,111.700024,0.051520426173889966,1054.9758120644497,836.7519354433539
2023-10-31,2023-10-31,BBVA,0.21,111.700024,0.017483178814159395,1014.3204132603925,804.5061879612892
2023-10-31,2023-10-31,BIF,3.02,111.700024,0.24824894659052354,1083.517667284302,859.3898502876957
2023-10-31,2023-10-31,Bancom,1.32,111.700024,0.10934005891671816,1078.1273193888464,855.1145067370136
2023-10-31,2023-10-31,Citibank,0.01,111.700024,0.0008332951413336787,1018.0418241762899,807.4578175160595
2023-10-31,2023-10-31,Falabella,2.74,111.700024,0.2255150623197144,1124.456739046129,891.8605924035069
2023-10-31,2023-10-31,GNB,4.17,111.700024,0.3410301391423509,1252.8621889841952,993.705115783525
2023-10-31,2023-10-31,Interbank,0.07,111.700024,0.005831462642125196,1014.5446536992154,804.6840438126216
2023-10-31,2023-10-31,Pichincha,4.03,111.700024,0.32978537514263273,1110.8100329352144,881.0367350030332
2023-10-31,2023-10-31,Ripley,0.35,111.700024,0.02911998282955075,1023.0997790781005,811.469524234902
2023-10-31,2023-10-31,Scotiabank,2.04,111.700024,0.16843091316907088,1097.2179996268003,870.2562412254837
2023-11-30,2023-11-30,Alfin,0.5,111.517885,0.04157148447290204,1055.414381170355,838.4669969920985
2023-11-30,2023-11-30,BBVA,0.13,111.517885,0.010826883828274347,1014.4302325531827,805.9074103231998
2023-11-30,2023-11-30,BIF,2.19,111.517885,0.18069338440696026,1085.4755120279654,862.3488642151098
2023-11-30,2023-11-30,Bancom,1.32,111.517885,0.10934005891671816,1079.3061444350635,857.4476508042933
2023-11-30,2023-11-30,Citibank,0.01,111.517885,0.0008332951413336787,1018.0503074693474,808.7833549739418
2023-11-30,2023-11-30,Falabella,2.74,111.517885,0.2255150623197144,1126.9925583619472,895.3318079618435
2023-11-30,2023-11-30,GNB,4.0,111.517885,0.32737397821989145,1256.9637337738855,998.5865513947845
2023-11-30,2023-11-30,Interbank,0.09,111.517885,0.0074969080277487166,1014.6207131788036,806.0587364004249
2023-11-30,2023-11-30,Pichincha,4.08,111.517885,0.3338029538302312,1114.5179496365947,885.421437302502
2023-11-30,2023-11-30,Ripley,0.29,111.517885,0.024134604527370485,1023.3467001637014,812.9910392319498
2023-11-30,2023-11-30,Scotiabank,2.01,111.517885,0.16597643621756308,1099.0391229601187,873.1243854980779
2023-12-31,2023-12-29,Alfin,0.7,111.9704,0.058147013295517525,1056.028073110897,835.5640059215156
2023-12-31,2023-12-29,BBVA,0.18,111.9704,0.014987639212593606,1014.5822716965012,802.7707301173756
2023-12-31,2023-12-29,BIF,2.64,111.9704,0.21738205225527718,1087.8351409727402,860.730799983124
2023-12-31,2023-12-29,Bancom,1.35,111.9704,0.11180985157674961,1080.5129150332152,854.9372149506082
2023-12-31,2023-12-29,Citibank,0.11,111.9704,0.009162048384192545,1018.1435817310931,805.5885552818772
2023-12-31,2023-12-29,Falabella,2.74,111.9704,0.2255150623197144,1129.5340963322756,893.7243794817412
2023-12-31,2023-12-29,GNB,3.92,111.9704,0.32094046775821283,1260.9978390606104,997.7427993556868
2023-12-31,2023-12-29,Interbank,0.14,111.9704,0.011659187244639213,1014.7390097075761,802.8947463663263
2023-12-31,2023-12-29,Pichincha,4.05,111.9704,0.3313926189799865,1118.2113798588975,884.7654752865724
2023-12-31,2023-12-29,Ripley,0.11,111.9704,0.009162048384192545,1023.4404596835083,809.7796186385165
2023-12-31,2023-12-29,Scotiabank,1.75,111.9704,0.14467654179763922,1100.6291747562204,870.8538586330027
2024-01-31,2024-01-31,Alfin,1.27,111.991911,0.10522224777222977,1057.13924958653,836.2825441735805
2024-01-31,2024-01-31,BBVA,0.35,111.991911,0.02911998282955075,1014.8777178798109,802.8502586253987
2024-01-31,2024-01-31,BIF,3.17,111.991911,0.2604045244918307,1090.6679128988455,862.8064253638111
2024-01-31,2024-01-31,Bancom,1.35,111.991911,0.11180985157674961,1081.7210349197815,855.7287221362857
2024-01-31,2024-01-31,Citibank,0.01,111.991911,0.0008332951413336787,1018.1520658720915,805.4405323954485
2024-01-31,2024-01-31,Falabella,2.74,111.991911,0.2255150623197144,1132.0813658535417,895.5678121097029
2024-01-31,2024-01-31,GNB,3.7,111.991911,0.3032248764614831,1264.821498200284,1000.5759798002783
2024-01-31,2024-01-31,Interbank,0.16,111.991911,0.01332356553898073,1014.8742091245841,802.8474829165702
2024-01-31,2024-01-31,Pichincha,4.21,111.991911,0.3442403844149622,1122.0607150114956,887.6406678061128
2024-01-31,2024-01-31,Ripley,0.09,111.991911,0.0074969080277487166,1023.5171860734895,809.6847758795278
2024-01-31,2024-01-31,Scotiabank,1.27,111.991911,0.10522224777222977,1101.7872815135358,871.6027441821068
2024-02-29,2024-02-29,Alfin,0.36,112.616278,0.0299506135519767,1057.4558692778799,831.8951108312432
2024-02-29,2024-02-29,BBVA,1.72,112.616278,0.1422156520640705,1016.3210328439467,799.5345459051625
2024-02-29,2024-02-29,BIF,3.18,112.616278,0.2612143202231909,1093.5168936734165,860.2641338399281
2024-02-29,2024-02-29,Bancom,1.42,112.616278,0.11757009600361634,1082.9928153790281,851.9848954022186
2024-02-29,2024-02-29,Citibank,0.01,112.616278,0.0008332951413336787,1018.1605500837878,800.9816846866216
2024-02-29,2024-02-29,Falabella,2.74,112.616278,0.2255150623197144,1134.6343798512562,892.6110494084941
2024-02-29,2024-02-29,GNB,3.81,112.616278,0.3120869740134813,1268.7688413406893,998.1339425607551
2024-02-29,2024-02-29,Interbank,0.12,112.616278,0.009994504212973432,1014.9756407701716,798.4761328584896
2024-02-29,2024-02-29,Pichincha,4.2,112.616278,0.3434379290046863,1125.9142970933062,885.751005010295
2024-02-29,2024-02-29,Ripley,0.14,112.616278,0.011659187244639213,1023.636519858695,805.2896020334853
2024-02-29,2024-02-29,Scotiabank,1.34,112.616278,0.11098666182609573,1103.0101184377124,867.7324050906545
2024-03-31,2024-03-27,Alfin,0.34,113.75301,0.028289276228066207,1057.7550158897297,823.8149817498987
2024-03-31,2024-03-27,BBVA,0.61,113.75301,0.0506917632328463,1016.8362238956015,791.9460580639013
2024-03-31,2024-03-27,BIF,2.88,113.75301,0.23688909406458514,1096.1073159362827,853.6850356738136
2024-03-31,2024-03-27,Bancom,1.38,113.75301,0.11427897418165855,1084.2304484589042,844.4349340745388
2024-03-31,2024-03-27,Citibank,0.22,113.75301,0.01831487316386049,1018.34702489714,793.1227204108658
2024-03-31,2024-03-27,Falabella,2.74,113.75301,0.2255150623197144,1137.1931512800786,885.6840583071008
2024-03-31,2024-03-27,GNB,3.51,113.75301,0.28789730064431307,1272.4215925863252,991.0044909529021
2024-03-31,2024-03-27,Interbank,0.08,113.75301,0.00666422347088691,1015.0432810150476,790.5496541856558
2024-03-31,2024-03-27,Pichincha,4.06,113.75301,0.3321961347044766,1129.6545408683353,879.8127363984582
2024-03-31,2024-03-27,Ripley,0.17,113.75301,0.014155640446089635,1023.781422163921,797.3552107492728
2024-03-31,2024-03-27,Scotiabank,1.35,113.75301,0.11180985157674961,1104.2433924140141,860.0216841361989
2024-04-30,2024-04-30,Alfin,0.37,113.694232,0.030781168409865778,1058.0806052425346,824.4945911717044
2024-04-30,2024-04-30,BBVA,0.85,113.694232,0.07055886783371434,1017.5536920229054,792.914557872814
2024-04-30,2024-04-30,BIF,2.91,113.694232,0.23932454057613572,1098.7305697343686,856.1705104625192
2024-04-30,2024-04-30,Bancom,1.4,113.694232,0.11592468385308585,1085.487339178519,845.8509072972812
2024-04-30,2024-04-30,Citibank,0.01,113.694232,0.0008332951413336787,1018.3555107334204,793.5393639477428
2024-04-30,2024-04-30,Falabella,2.74,113.694232,0.2255150623197144,1139.7576931238832,888.1403255771579
2024-04-30,2024-04-30,GNB,3.4,113.694232,0.27901164905321796,1275.9717970547094,994.2832709972031
2024-04-30,2024-04-30,Interbank,0.08,113.694232,0.00666422347088691,1015.1109257676208,791.0110662531777
2024-04-30,2024-04-30,Pichincha,4.09,113.694232,0.33460625725758586,1133.4344356474753,883.2130151604914
2024-04-30,2024-04-30,Ripley,0.22,113.694232,0.01831487316386049,1023.9689264328655,797.9135400353292
2024-04-30,2024-04-30,Scotiabank,1.46,113.694232,0.12086002819180486,1105.5779812893918,861.5062606526941
2024-05-31,2024-05-31,Alfin,0.95,113.591104,0.0788240395869666,1058.914627117673,825.8936298947324
2024-05-31,2024-05-31,BBVA,0.64,113.591104,0.05317752560254352,1018.0948018980005,794.0564706384578
2024-05-31,2024-05-31,BIF,3.07,113.591104,0.25230260752062694,1101.5026956114345,859.1099190815748
2024-05-31,2024-05-31,Bancom,1.51,113.591104,0.12497077187358929,1086.8438810848806,847.676871289759
2024-05-31,2024-05-31,Citibank,0.01,113.591104,0.0008332951413336787,1018.3639966404128,794.2664273405998
2024-05-31,2024-05-31,Falabella,2.74,113.591104,0.2255150623197144,1142.3280183958252,890.9513661279738
2024-05-31,2024-05-31,GNB,3.59,113.591104,0.29435415760119543,1279.7276730891588,998.115340120704
2024-05-31,2024-05-31,Interbank,0.08,113.591104,0.00666422347088691,1015.1785750281912,791.7819783107249
2024-05-31,2024-05-31,Pichincha,4.22,113.591104,0.34504276924163246,1137.3452692117717,887.0651030571967
2024-05-31,2024-05-31,Ripley,0.16,113.591104,0.01332356553898073,1024.1053556038776,798.7443632132691
2024-05-31,2024-05-31,Scotiabank,1.46,113.591104,0.12086002819180486,1106.9141831492607,863.3305738645867
2024-06-30,2024-06-28,Alfin,1.13,113.729392,0.09368245400691588,1059.9066443261952,825.662170270186
2024-06-30,2024-06-28,BBVA,0.17,113.729392,0.014155640446089635,1018.2389197375575,793.2032135325895
2024-06-30,2024-06-28,BIF,2.83,113.729392,0.2328285695076815,1104.0673085807152,860.0631149988037
2024-06-30,2024-06-28,Bancom,1.45,113.729392,0.12003765662376154,1088.1485030108938,847.6624421421452
2024-06-30,2024-06-28,Citibank,0.03,113.729392,0.0024996563158685703,1018.3894522403733,793.3204776271554
2024-06-30,2024-06-28,Falabella,2.74,113.729392,0.2255150623197144,1144.904140138406,891.8748100677745
2024-06-30,2024-06-28,GNB,3.4,113.729392,0.27901164905321796,1283.2982623732353,999.6831646325186
2024-06-30,2024-06-28,Interbank,0.08,113.729392,0.00666422347088691,1015.2462287970596,790.8719217059871
2024-06-30,2024-06-28,Pichincha,4.29,113.729392,0.35065748777713956,1141.3334555601418,889.0932639815962
2024-06-30,2024-06-28,Ripley,0.13,113.729392,0.010826883828274347,1024.216234301008,797.8595127842879
2024-06-30,2024-06-28,Scotiabank,1.52,113.729392,0.12579269787644787,1108.306600363421,863.3655028765046
2024-07-31,2024-07-31,Alfin,0.67,113.998099,0.05566260882747809,1060.496616015563,824.1744887051785
2024-07-31,2024-07-31,BBVA,1.11,113.998099,0.09203271676554436,1019.176032678556,792.0618255146742
2024-07-31,2024-07-31,BIF,2.57,113.998099,0.21168462230236607,1106.4044492928483,859.852174468123
2024-07-31,2024-07-31,Bancom,1.38,113.998099,0.11427897418165855,1089.3920279577076,846.630818130178
2024-07-31,2024-07-31,Citibank,0.01,113.998099,0.0008332951413336787,1018.3979384301987,791.457122567376
2024-07-31,2024-07-31,Falabella,2.74,113.998099,0.2255150623197144,1147.4860714235401,891.7791268066918
2024-07-31,2024-07-31,GNB,3.44,113.998099,0.2822437972181291,1286.9202921185915,1000.141686209392
2024-07-31,2024-07-31,Interbank,0.05,113.998099,0.004165712110459907,1015.2885210321637,789.0406108543779
2024-07-31,2024-07-31,Pichincha,4.24,113.998099,0.34664732719604796,1145.2898574782353,890.0723193750382
2024-07-31,2024-07-31,Ripley,0.09,113.998099,0.0074969080277487166,1024.2930188500986,796.0385373664174
2024-07-31,2024-07-31,Scotiabank,1.43,113.998099,0.1183926905437227,1109.6187543670649,862.3502005825657
2024-08-31,2024-08-31,Alfin,0.94,114.322048,0.07799786022335553,1061.323780683796,822.4800811803234
2024-08-31,2024-08-31,BBVA,1.49,114.322048,0.12332669717645128,1020.4329488180723,790.7914529553129
2024-08-31,2024-08-31,BIF,2.5,114.322048,0.20598362698427408,1108.6834613066171,859.1817877398764
2024-08-31,2024-08-31,Bancom,1.36,114.322048,0.11263296687684665,1090.6190425197162,845.1826435571718
2024-08-31,2024-08-31,Citibank,0.02,114.322048,0.0016665139084048874,1018.4149101734854,789.2275601843853
2024-08-31,2024-08-31,Falabella,2.74,114.322048,0.2255150623197144,1150.073825352621,891.2575318249728
2024-08-31,2024-08-31,GNB,3.68,114.322048,0.30161266025487965,1290.8018066470104,1000.3156379241115
2024-08-31,2024-08-31,Interbank,0.06,114.322048,0.00499862552685304,1015.3392715033472,786.8440730816401
2024-08-31,2024-08-31,Pichincha,4.17,114.322048,0.3410301391423509,1149.1956410727767,890.5769769453749
2024-08-31,2024-08-31,Ripley,0.08,114.322048,0.00666422347088691,1024.3612800258716,793.8357399386991
2024-08-31,2024-08-31,Scotiabank,1.09,114.322048,0.09038268036556385,1110.6216575391009,860.6838060905908
2024-09-30,2024-09-30,Alfin,0.75,114.050464,0.06228618011265841,1061.9848387254112,824.9521328084348
2024-09-30,2024-09-30,BBVA,0.46,114.050464,0.038252750614442554,1020.8232924891713,792.9777541553145
2024-09-30,2024-09-30,BIF,2.81,114.050464,0.23120385290706924,1111.2467801857015,863.2189160920127
2024-09-30,2024-09-30,Bancom,1.39,114.050464,0.11510186621450647,1091.874365390947,848.170382139529
2024-09-30,2024-09-30,Citibank,0.02,114.050464,0.0016665139084048874,1018.4318821996088,791.1201014404581
2024-09-30,2024-09-30,Falabella,2.74,114.050464,0.2255150623197144,1152.6674150565877,895.3945553601097
2024-09-30,2024-09-30,GNB,3.99,114.050464,0.32657003754898994,1295.0171785916607,1005.9721613210157
2024-09-30,2024-09-30,Interbank,0.05,114.050464,0.004165712110459907,1015.3815676143425,788.750610435415
2024-09-30,2024-09-30,Pichincha,4.12,114.050464,0.3370157431537901,1153.068611302829,895.7062054768935
2024-09-30,2024-09-30,Ripley,0.09,114.050464,0.0074969080277487166,1024.438075448907,795.7857254215075
2024-09-30,2024-09-30,Scotiabank,1.07,114.050464,0.08873234469353175,1111.6071381765094,863.4988429631424
2024-10-31,2024-10-31,Alfin,0.63,113.944279,0.05234901362565214,1062.540777313338,826.153164814794
2024-10-31,2024-10-31,BBVA,0.37,113.944279,0.030781168409865778,1021.1375138259995,793.9610476800382
2024-10-31,2024-10-31,BIF,2.19,113.944279,0.18069338440696026,1113.2547296019325,865.5845853099469
2024-10-31,2024-10-31,Bancom,1.33,113.944279,0.11016339761076299,1093.0772112895027,849.8960386039352
2024-10-31,2024-10-31,Citibank,0.02,113.944279,0.0016665139084048874,1018.4488545085733,791.8705449420473
2024-10-31,2024-10-31,Falabella,2.74,113.944279,0.2255150623197144,1155.2668536959916,898.2501074451633
2024-10-31,2024-10-31,GNB,4.07,113.944279,0.3329995796502061,1299.329580352769,1010.2626344940404
2024-10-31,2024-10-31,Interbank,0.05,113.944279,0.004165712110459907,1015.423865487272,789.518537088008
2024-10-31,2024-10-31,Pichincha,4.0,113.944279,0.32737397821989145,1156.843457887256,899.4759583208038
2024-10-31,2024-10-31,Ripley,0.1,113.944279,0.008329516327321151,1024.523406185665,796.5936672918077
2024-10-31,2024-10-31,Scotiabank,1.0,113.944279,0.08295381143461622,1112.529258665806,865.0205127372429
2024-11-30,2024-11-29,Alfin,0.73,114.051561,0.060630739394196276,1063.185003642988,825.8764797935124
2024-11-30,2024-11-29,BBVA,0.35,114.051561,0.02911998282955075,1021.4348688946917,793.445196245794
2024-11-30,2024-11-29,BIF,2.13,114.051561,0.17579037712718293,1115.2117242894858,866.2905608382055
2024-11-30,2024-11-29,Bancom,1.27,114.051561,0.10522224777222977,1094.2273717011076,849.9900268887488
2024-11-30,2024-11-29,Citibank,0.02,114.051561,0.0016665139084048874,1018.4658271003836,791.1388603051619
2024-11-30,2024-11-29,Falabella,2.74,114.051561,0.2255150623197144,1157.872154461063,899.4289570494541
2024-11-30,2024-11-29,GNB,3.6,114.051561,0.2951609433021529,1303.164693798742,1012.291432081839
2024-11-30,2024-11-29,Interbank,0.06,114.051561,0.00499862552685304,1015.474622723818,788.8153085880135
2024-11-30,2024-11-29,Pichincha,3.57,114.051561,0.2927403719995114,1160.230005729327,901.2605234265552
2024-11-30,2024-11-29,Ripley,0.09,114.051561,0.0074969080277487166,1024.6002137631494,795.9040193747292
2024-11-30,2024-11-29,Scotiabank,1.36,114.051561,0.11263296687684665,1113.7823333772144,865.1802175481566
2024-12-31,2024-12-30,Alfin,0.87,114.172077,0.07221250300475379,1063.9527561456898,825.6004703914186
2024-12-31,2024-12-30,BBVA,0.24,114.172077,0.019978033674417084,1021.6389314967618,792.7660110299248
2024-12-31,2024-12-30,BIF,1.8,114.172077,0.14877654706024757,1116.8708977852948,866.6636119430865
2024-12-31,2024-12-30,Bancom,1.26,114.172077,0.10439846190974933,1095.369728246959,849.9792473580251
2024-12-31,2024-12-30,Citibank,0.09,114.172077,0.0074969080277487166,1018.5421805467354,790.3630104960583
2024-12-31,2024-12-30,Falabella,2.74,114.172077,0.2255150623197144,1160.4833305717787,900.5057584251101
2024-12-31,2024-12-30,GNB,3.52,114.172077,0.28870465787962374,1306.9269909695818,1014.1423406999266
2024-12-31,2024-12-30,Interbank,0.08,114.172077,0.00666422347088691,1015.5422962219665,788.0351760171842
2024-12-31,2024-12-30,Pichincha,3.35,114.172077,0.2749698516855581,1163.4202884552924,902.784763574674
2024-12-31,2024-12-30,Ripley,0.07,114.172077,0.005831462642125196,1024.659962941846,795.110255140128
2024-12-31,2024-12-30,Scotiabank,1.34,114.172077,0.11098666182609573,1115.0184832090383,865.2261850115962
2025-01-31,2025-01-31,Alfin,0.82,114.065534,0.06807785134408384,1064.6770723213901,826.9341991926467
2025-01-31,2025-01-31,BBVA,0.24,114.065534,0.019978033674417084,1021.8430348665271,793.6650217286348
2025-01-31,2025-01-31,BIF,1.81,114.065534,0.14959632659397037,1118.5416956211786,868.770827679541
2025-01-31,2025-01-31,Bancom,1.43,114.065534,0.1183926905437227,1096.666565939632,851.7804243772478
2025-01-31,2025-01-31,Citibank,0.1,114.065534,0.008329516327321151,1018.6270201839646,791.1671445832972
2025-01-31,2025-01-31,Falabella,2.74,114.065534,0.2255150623197144,1163.1003952779272,903.3795494935447
2025-01-31,2025-01-31,GNB,3.12,114.065534,0.25635446626290914,1310.2773566817277,1017.6918286644444
2025-01-31,2025-01-31,Interbank,0.08,114.065534,0.00666422347088691,1015.609974230028,788.8238063592419
2025-01-31,2025-01-31,Pichincha,3.36,114.065534,0.2757783545331849,1166.6287497830997,906.1200208374433
2025-01-31,2025-01-31,Ripley,0.07,114.065534,0.005831462642125196,1024.7197156047937,795.8993383533411
2025-01-31,2025-01-31,Scotiabank,1.34,114.065534,0.11098666182609573,1116.256005002296,866.9955328125192
2025-02-28,2025-02-28,Alfin,1.02,114.279991,0.08460519545316902,1065.5778444393727,826.0806968646367
2025-02-28,2025-02-28,BBVA,1.12,114.279991,0.09285762277395637,1022.7918940171854,792.9112311843776
2025-02-28,2025-02-28,BIF,1.5,114.279991,0.12414877164492744,1119.9303513966288,868.2170429400499
2025-02-28,2025-02-28,Bancom,1.26,114.279991,0.10439846190974933,1097.8114689667514,851.0695563374605
2025-02-28,2025-02-28,Citibank,0.07,114.279991,0.005831462642125196,1018.6864210381093,789.7284961104343
2025-02-28,2025-02-28,Falabella,2.74,114.279991,0.2255150623197144,1165.723361859179,903.717707853307
2025-02-28,2025-02-28,GNB,3.58,114.279991,0.2935473005047262,1314.1236404913914,1018.7638363244769
2025-02-28,2025-02-28,Interbank,0.08,114.279991,0.00666422347088691,1015.6776567483032,787.3959756716932
2025-02-28,2025-02-28,Pichincha,3.4,114.279991,0.27901164905321796,1169.8837798961983,906.9430386437359
2025-02-28,2025-02-28,Ripley,0.08,114.279991,0.00666422347088691,1024.788005216592,794.4587004183054
2025-02-28,2025-02-28,Scotiabank,1.27,114.279991,0.10522224777222977,1117.430554661652,866.2790955252966
2025-03-31,2025-03-31,Alfin,1.74,115.205841,0.14385631912894326,1067.1107455038366,820.6207308012491
2025-03-31,2025-03-31,BBVA,0.21,115.205841,0.017483178814159395,1022.9707105529131,786.6765240807769
2025-03-31,2025-03-31,BIF,1.77,115.205841,0.1463167654770947,1121.5689972623886,862.4997677658343
2025-03-31,2025-03-31,Bancom,1.22,115.205841,0.1011025725442094,1098.921384603562,845.0834869071734
2025-03-31,2025-03-31,Citibank,0.09,115.205841,0.0074969080277487166,1018.7627910221858,783.4405844044052
2025-03-31,2025-03-31,Falabella,2.74,115.205841,0.2255150623197144,1168.3522436251512,898.4766351914723
2025-03-31,2025-03-31,GNB,3.52,115.205841,0.28870465787962374,1317.9175766517874,1013.4941377402826
2025-03-31,2025-03-31,Interbank,0.08,115.205841,0.00666422347088691,1015.7453437770929,781.120131936041
2025-03-31,2025-03-31,Pichincha,3.4,115.205841,0.27901164905321796,1173.1478919224926,902.1645452111319
2025-03-31,2025-03-31,Ripley,0.09,115.205841,0.0074969080277487166,1024.8648326308223,788.133126266023
2025-03-31,2025-03-31,Scotiabank,1.35,115.205841,0.11180985157674961,1118.6799521062921,860.2780580161174
2025-04-30,2025-04-30,Alfin,1.58,115.572272,0.13072269593599195,1068.505701438982,819.0882244209325
2025-04-30,2025-04-30,BBVA,0.33,115.572272,0.02745849373302356,1023.2516029013609,784.3976287890788
2025-04-30,2025-04-30,BIF,1.74,115.572272,0.14385631912894326,1123.1824451383416,861.0019707430286
2025-04-30,2025-04-30,Bancom,1.27,115.572272,0.10522224777222977,1100.0776943856918,843.2904795977876
2025-04-30,2025-04-30,Citibank,0.05,115.572272,0.004165712110459907,1018.8052297471481,780.9891566704066
2025-04-30,2025-04-30,Falabella,2.74,115.572272,0.2255150623197144,1170.9870539154763,897.6477201009104
2025-04-30,2025-04-30,GNB,3.52,115.572272,0.28870465787962374,1321.7224660825955,1013.1975023276678
2025-04-30,2025-04-30,Interbank,0.06,115.572272,0.00499862552685304,1015.7961170831348,778.6824504490642
2025-04-30,2025-04-30,Pichincha,3.3,115.572272,0.2709262614766672,1176.3262576476707,901.7406125383911
2025-04-30,2025-04-30,Ripley,0.11,115.572272,0.009162048384192545,1024.9587312426604,785.7062682470157
2025-04-30,2025-04-30,Scotiabank,1.29,115.572272,0.10686959582126843,1119.875480849642,858.4669393400079
2025-05-31,2025-05-30,Alfin,1.66,115.507003,0.13729187604631932,1069.9726729621495,820.6762397883587
2025-05-31,2025-05-30,BBVA,0.41,115.507003,0.03410262948544407,1023.6005586042023,785.1085160473784
2025-05-31,2025-05-30,BIF,1.9,115.507003,0.1569710227413701,1124.945516109727,862.8407803835229
2025-05-31,2025-05-30,Bancom,1.22,115.507003,0.1011025725442094,1101.1899012347008,844.6200639277238
2025-05-31,2025-05-30,Citibank,0.07,115.507003,0.005831462642125196,1018.8646409935169,781.4760353729656
2025-05-31,2025-05-30,Falabella,2.74,115.507003,0.2255150623197144,1173.6278060998695,900.1804243790945
2025-05-31,2025-05-30,GNB,3.85,115.507003,0.3153074208473994,1325.8899551011611,1016.9665172038176
2025-05-31,2025-05-30,Interbank,0.06,115.507003,0.00499862552685304,1015.8468929271443,779.1614023002509
2025-05-31,2025-05-30,Pichincha,3.35,115.507003,0.2749698516855581,1179.5608002136628,904.7310707862729
2025-05-31,2025-05-30,Ripley,0.14,115.507003,0.011659187244639213,1025.0782331003163,786.2419023288661
2025-05-31,2025-05-30,Scotiabank,1.25,115.507003,0.10357460146983577,1121.0353874158902,859.8416853648972
2025-06-30,2025-06-30,Alfin,1.86,115.655637,0.15369411743291206,1071.617158018632,820.8812638059701
2025-06-30,2025-06-30,BBVA,0.59,115.655637,0.04903421082538273,1024.102473060118,784.4840165743153
2025-06-30,2025-06-30,BIF,1.69,115.655637,0.13975409693907093,1126.5176735568225,862.9362124799121
2025-06-30,2025-06-30,Bancom,1.47,115.655637,0.12168232546390101,1102.5298547142968,844.5610391262032
2025-06-30,2025-06-30,Citibank,0.05,115.655637,0.004165712110459907,1018.9070839612559,780.5042393399501
2025-06-30,2025-06-30,Falabella,2.74,115.655637,0.2255150623197144,1176.2745135781972,901.0509976101325
2025-06-30,2025-06-30,GNB,3.65,115.655637,0.2991938013361173,1329.856935659362,1018.6983605634014
2025-06-30,2025-06-30,Interbank,0.07,115.655637,0.005831462642125196,1015.9061316592064,778.2054468095257
2025-06-30,2025-06-30,Pichincha,3.24,115.655637,0.2660715843330719,1182.6992763229632,905.9725008933837
2025-06-30,2025-06-30,Ripley,0.14,115.655637,0.011659187244639213,1025.1977488909174,785.3230208786745
2025-06-30,2025-06-30,Scotiabank,1.4,115.655637,0.11592468385308585,1122.3349441446333,859.7321538472706
2025-07-31,2025-07-31,Alfin,2.29,115.9233,0.18885920210915952,1073.641005632931,820.5326067744732
2025-07-31,2025-07-31,BBVA,0.49,115.9233,0.04074191453755649,1024.5197120144692,782.9915452004233
2025-07-31,2025-07-31,BIF,1.74,115.9233,0.14385631912894326,1128.1382404163385,862.1822437427152
2025-07-31,2025-07-31,Bancom,1.23,115.9233,0.10192665680117674,1103.653626535442,843.4698212959638
2025-07-31,2025-07-31,Citibank,0.04,115.9233,0.0033327223783574667,1018.9410413056579,778.7280332862721
2025-07-31,2025-07-31,Falabella,2.74,115.9233,0.2255150623197144,1178.927189780544,900.9978150542643
2025-07-31,2025-07-31,GNB,3.98,115.9233,0.32576602600797866,1334.189157750251,1019.6571310106397
2025-07-31,2025-07-31,Interbank,0.1,115.9233,0.008329516327321151,1015.9907517263132,776.4732676927651
2025-07-31,2025-07-31,Pichincha,3.12,115.9233,0.25635446626290914,1185.7311787402762,906.1977792585958
2025-07-31,2025-07-31,Ripley,0.28,115.9233,0.023303442347044623,1025.4366552572733,783.6923211817195
2025-07-31,2025-07-31,Scotiabank,1.44,115.9233,0.11921521074573782,1123.6729381135683,858.7696261924307
2025-08-31,2025-08-29,Alfin,1.91,115.586828,0.15779006482814495,1075.3351044717406,824.2196561193666
2025-08-31,2025-08-29,BBVA,1.0,115.586828,0.08295381143461622,1025.3695901644842,785.9222371576884
2025-08-31,2025-08-29,BIF,1.58,115.586828,0.13072269593599195,1129.6129731380954,865.8223956384602
2025-08-31,2025-08-29,Bancom,1.22,115.586828,0.1011025725442094,1104.7694487438469,846.7804048693782
2025-08-31,2025-08-29,Citibank,0.06,115.586828,0.00499862552685304,1018.991974352652,781.0339411377496
2025-08-31,2025-08-29,Falabella,2.74,115.586828,0.2255150623197144,1181.5858481672817,905.6584104825348
2025-08-31,2025-08-29,GNB,3.84,115.586828,0.3145024157517051,1338.385214882073,1025.841523240569
2025-08-31,2025-08-29,Interbank,0.12,115.586828,0.009994504212973432,1016.0922949647979,778.8114034953209
2025-08-31,2025-08-29,Pichincha,3.15,115.586828,0.2587847171547919,1188.7996698173954,911.1876390690823
2025-08-31,2025-08-29,Ripley,0.5,115.586828,0.04157148447290204,1025.8629444971932,786.3003819208972
2025-08-31,2025-08-29,Scotiabank,1.39,115.586828,0.11510186621450647,1124.9663066354844,862.2608325025066
2025-09-30,2025-09-30,Alfin,0.52,115.599718,0.043230397371596396,1075.79997611048,824.4840248272166
2025-09-30,2025-09-30,BBVA,0.36,115.599718,0.0299506135519767,1025.6766946479138,786.0699648202474
2025-09-30,2025-09-30,BIF,1.64,115.599718,0.13565002539421833,1131.1452934230138,866.9002090496366
2025-09-30,2025-09-30,Bancom,1.23,115.599718,0.10192665680117674,1105.8955033083123,847.5489829461759
2025-09-30,2025-09-30,Citibank,0.04,115.599718,0.0033327223783574667,1019.0259345262149,780.972878377539
2025-09-30,2025-09-30,Falabella,2.74,115.599718,0.2255150623197144,1184.250502229137,907.599593013246
2025-09-30,2025-09-30,GNB,3.46,115.599718,0.283859441682921,1342.1843476806039,1028.638759629562
2025-09-30,2025-09-30,Interbank,0.08,115.599718,0.00666422347088691,1016.1600096260048,778.7764577147307
2025-09-30,2025-09-30,Pichincha,3.12,115.599718,0.25635446626290914,1191.8472108658912,913.4216464166266
2025-09-30,2025-09-30,Ripley,0.44,115.599718,0.03659292942366221,1026.2383378004565,786.5004033935955
2025-09-30,2025-09-30,Scotiabank,1.33,115.599718,0.11016339761076299,1126.2056077408504,863.1144756205134
2025-10-31,2025-10-31,Alfin,0.55,115.484549,0.04571819950607292,1076.2918124898445,825.6835711995749
2025-10-31,2025-10-31,BBVA,0.36,115.484549,0.0299506135519767,1025.9838911110205,787.0895545010721
2025-10-31,2025-10-31,BIF,1.81,115.484549,0.14959632659397037,1132.8374452304151,869.0628847232616
2025-10-31,2025-10-31,Bancom,1.26,115.484549,0.10439846190974933,1107.0500412040951,849.2799266060185
2025-10-31,2025-10-31,Citibank,0.05,115.484549,0.004165712110459907,1019.0683842129782,781.7842828582251
2025-10-31,2025-10-31,Falabella,2.74,115.484549,0.2255150623197144,1186.9211654872604,910.5535276578441
2025-10-31,2025-10-31,GNB,3.94,115.484549,0.32254927088173346,1346.5135535079364,1032.9857633656889
2025-10-31,2025-10-31,Interbank,0.05,115.484549,0.004165712110459907,1016.2023399265873,779.5855801884269
2025-10-31,2025-10-31,Pichincha,3.13,115.484549,0.257164621896222,1194.912220239295,916.6839121397696
2025-10-31,2025-10-31,Ripley,0.33,115.484549,0.02745849373302356,1026.5201273901273,787.5009313050222
2025-10-31,2025-10-31,Scotiabank,1.14,115.484549,0.09450721047856714,1127.2699532449794,864.7917506202109
2025-11-30,2025-11-28,Alfin,0.9,115.612485,0.07469239231387981,1077.0957205928714,825.3859156519771
2025-11-30,2025-11-28,BBVA,0.21,115.612485,0.017483178814159395,1026.163265709308,786.3560224802419
2025-11-30,2025-11-28,BIF,1.69,115.612485,0.13975409693907093,1134.4206319717844,869.3143925399074
2025-11-30,2025-11-28,Bancom,1.22,115.612485,0.1011025725442094,1108.1692972751043,849.1978128233162
2025-11-30,2025-11-28,Citibank,0.04,115.612485,0.0033327223783574667,1019.1023469330696,780.9451914853311
2025-11-30,2025-11-28,Falabella,2.74,115.612485,0.2255150623197144,1189.597851493295,911.5970782726331
2025-11-30,2025-11-28,GNB,4.34,115.612485,0.35466588636137164,1351.2891777374614,1035.5022621977573
2025-11-30,2025-11-28,Interbank,0.04,115.612485,0.0033327223783574667,1016.2362071293795,778.7488486895828
2025-11-30,2025-11-28,Pichincha,3.15,115.612485,0.2587847171547919,1198.0044704486895,918.0391286413936
2025-11-30,2025-11-28,Ripley,0.52,115.612485,0.043230397371596396,1026.9638961202975,786.9695511130635
2025-11-30,2025-11-28,Scotiabank,1.16,115.612485,0.09615649919465508,1128.3538965684932,864.6654111540121
2025-12-31,2025-12-31,Alfin,0.57,115.894705,0.047376356288175714,1077.6060092990242,823.7660697362559
2025-12-31,2025-12-31,BBVA,0.2,115.894705,0.016651408382073463,1026.3341363453483,784.5717548321097
2025-12-31,2025-12-31,BIF,1.42,115.894705,0.11757009600361634,1135.7543713978787,868.2170539498026
2025-12-31,2025-12-31,Bancom,1.23,115.894705,0.10192665680117674,1109.298817191514,847.9933472117084
2025-12-31,2025-12-31,Citibank,0.03,115.894705,0.0024996563158685703,1019.1278209892498,779.0629528887772
2025-12-31,2025-12-31,Falabella,2.74,115.894705,0.2255150623197144,1192.2805738294442,911.4279930243318
2025-12-31,2025-12-31,GNB,4.39,115.894705,0.3586725245666944,1356.135880745449,1036.685685556529
2025-12-31,2025-12-31,Interbank,0.07,115.894705,0.005831462642125196,1016.2954685641541,776.8977869513241
2025-12-31,2025-12-31,Pichincha,3.24,115.894705,0.2660715843330719,1201.1920199235933,918.240266583774
2025-12-31,2025-12-31,Ripley,0.41,115.894705,0.03410262948544407,1027.3141178127405,785.3208927125983
2025-12-31,2025-12-31,Scotiabank,1.15,115.894705,0.09533189220309879,1129.4295776888391,863.3821231767482
2026-01-31,2026-01-30,Alfin,0.73,116.005694,0.060630739394196276,1078.2593697902184,823.4769052299239
2026-01-31,2026-01-30,BBVA,0.25,116.005694,0.020809499864316017,1026.5477113460583,783.984221323835
2026-01-31,2026-01-30,BIF,1.55,116.005694,0.12825803067024744,1137.2110675878848,868.4988758434664
2026-01-31,2026-01-30,Bancom,1.29,116.005694,0.10686959582126843,1110.4843203538965,848.0874055463066
2026-01-31,2026-01-30,Citibank,0.02,116.005694,0.0016665139084048874,1019.1448048961312,778.3305514704687
2026-01-31,2026-01-30,Falabella,2.74,116.005694,0.2255150623197144,1194.9693461085415,912.6094208386394
2026-01-31,2026-01-30,GNB,4.38,116.005694,0.35787133767835044,1360.9891023626087,1039.4002829609171
2026-01-31,2026-01-30,Interbank,0.08,116.005694,0.00666422347088691,1016.3631967653038,776.2062109645458
2026-01-31,2026-01-30,Pichincha,3.28,116.005694,0.2693083230250082,1204.4269300087599,919.8322673441322
2026-01-31,2026-01-30,Ripley,0.35,116.005694,0.02911998282955075,1027.613271507453,784.7979997231937
2026-01-31,2026-01-30,Scotiabank,1.11,116.005694,0.09203271676554436,1130.46902241314,863.349912012529
2026-02-28,2026-02-27,Alfin,1.31,116.81034,0.10851664572986142,1079.4294606905828,818.6918527608802
2026-02-28,2026-02-27,BBVA,1.24,116.81034,0.10275066643834485,1027.6024959607741,779.3837596220527
2026-02-28,2026-02-27,BIF,1.49,116.81034,0.12332669717645128,1138.613552437466,863.5799491958496
2026-02-28,2026-02-27,Bancom,1.21,116.81034,0.10027841365327639,1111.597896414216,843.0899604669194
2026-02-28,2026-02-27,Citibank,0.03,116.81034,0.0024996563158685703,1019.1702800136146,772.9883565428711
2026-02-28,2026-02-27,Falabella,2.74,116.81034,0.2255150623197144,1197.6641819741196,908.3668213932511
2026-02-28,2026-02-27,GNB,4.22,116.81034,0.34504276924163246,1365.6850968504775,1035.8020629834696
2026-02-28,2026-02-27,Interbank,0.06,116.81034,0.00499862552685304,1016.4140009555027,770.8978603214988
2026-02-28,2026-02-27,Pichincha,3.28,116.81034,0.2693083230250082,1207.670551976028,915.956139541963
2026-02-28,2026-02-27,Ripley,0.34,116.81034,0.028289276228066207,1027.903975864386,779.6124166578726
2026-02-28,2026-02-27,Scotiabank,1.11,116.81034,0.09203271676554436,1131.5094237666597,858.1918321622147
2026-03-31,2026-03-31,Alfin,2.03,119.5889,0.16761282769228725,1081.23872293259,801.0105003779327
2026-03-31,2026-03-31,BBVA,0.22,119.5889,0.01831487316386049,1027.790700054538,761.4147786915677
2026-03-31,2026-03-31,BIF,1.66,119.5889,0.13729187604631932,1140.1767763445253,844.6733831932561
2026-03-31,2026-03-31,Bancom,1.26,119.5889,0.10439846190974933,1112.7583875206935,824.361109052938
2026-03-31,2026-03-31,Citibank,0.04,119.5889,0.0033327223783574667,1019.2042461296103,755.0537044819574
2026-03-31,2026-03-31,Falabella,2.74,119.5889,0.2255150623197144,1200.3650951004795,889.2624959405797
2026-03-31,2026-03-31,GNB,4.06,119.5889,0.3321961347044766,1370.22184995445,1015.0969128111944
2026-03-31,2026-03-31,Interbank,0.06,119.5889,0.00499862552685304,1016.4648076852129,753.0242553764447
2026-03-31,2026-03-31,Pichincha,3.29,119.5889,0.27011732814758993,1210.932679403851,897.0912444038894
2026-03-31,2026-03-31,Ripley,0.36,119.5889,0.0299506135519767,1028.2118394118825,761.7267699662053
2026-03-31,2026-03-31,Scotiabank,1.24,119.5889,0.10275066643834485,1132.6720572403926,839.1136870065594
2026-04-30,2026-04-30,Alfin,1.32,120.211509,0.10934005891671816,1082.4209499892747,797.733132350988
2026-04-30,2026-04-30,BBVA,0.38,120.211509,0.03161164741767308,1028.115601626831,757.7106478887156
2026-04-30,2026-04-30,BIF,1.58,120.211509,0.13072269593599195,1141.667246164999,841.3970446476994
2026-04-30,2026-04-30,Bancom,1.25,120.211509,0.10357460146983577,1113.9109225858901,820.9409190049637
2026-04-30,2026-04-30,Citibank,0.01,120.211509,0.0008332951413336787,1019.2127391090735,751.1493295741991
2026-04-30,2026-04-30,Falabella,2.74,120.211509,0.2255150623197144,1203.0720991927592,886.6517911932764
2026-04-30,2026-04-30,GNB,4.35,120.211509,0.3554673547810028,1375.0925413191142,1013.4290917686382
2026-04-30,2026-04-30,Interbank,0.12,120.211509,0.009994504212973432,1016.5663983032405,749.1990035570186
2026-04-30,2026-04-30,Pichincha,2.73,120.211509,0.22470208793048396,1213.6536704179039,894.4503005982481
2026-04-30,2026-04-30,Ripley,0.56,120.211509,0.04654731568494164,1028.6904444226834,758.1343011302288
2026-04-30,2026-04-30,Scotiabank,1.87,120.211509,0.1545134543319504,1134.4221879622876,836.0575111010036
2026-05-31,2026-05-29,Alfin,1.05,120.017612,0.08708170963593886,1083.3635406579829,799.71772899635
2026-05-31,2026-05-29,BBVA,0.4,120.017612,0.03327237794097382,1028.4576801354744,759.1872990550005
2026-05-31,2026-05-29,BIF,1.09,120.017612,0.09038268036556385,1142.6991156229385,843.5180873052951
2026-05-31,2026-05-29,Bancom,1.28,120.017612,0.10604595907135472,1115.092180106947,823.1391886744731
2026-05-31,2026-05-29,Citibank,0.08,120.017612,0.00666422347088691,1019.2806617236514,752.413003956604
2026-05-31,2026-05-29,Falabella,2.74,120.017612,0.2255150623197144,1205.785207987005,890.087004038457
2026-05-31,2026-05-29,GNB,4.38,120.017612,0.35787133767835044,1380.0136033910483,1018.6989902001616
2026-05-31,2026-05-29,Interbank,0.15,120.017612,0.012491414476678564,1016.6933818254831,750.5031246531299
2026-05-31,2026-05-29,Pichincha,2.29,120.017612,0.18885920210915952,1215.9457670562238,897.5873295702115
2026-05-31,2026-05-29,Ripley,0.42,120.017612,0.03493280523771958,1029.0497948521327,759.6243865318631
2026-05-31,2026-05-29,Scotiabank,1.51,120.017612,0.12497077187358929,1135.8398841268893,838.4547370735261
2026-06-30,2026-06-30,Alfin,1.05,120.292167,0.08708170963593886,1084.3069521507603,798.5872705894567
2026-06-30,2026-06-30,BBVA,0.33,120.292167,0.02745849373302356,1028.7400791231212,757.6625145705879
2026-06-30,2026-06-30,BIF,1.01,120.292167,0.08377954090970086,1143.6564636959865,842.297923132732
2026-06-30,2026-06-30,Bancom,1.28,120.292167,0.10604595907135472,1116.274690303871,822.1313682344763
2026-06-30,2026-06-30,Citibank,0.01,120.292167,0.0008332951413336787,1019.2891553398822,750.7019510386144
2026-06-30,2026-06-30,Falabella,2.74,120.292167,0.2255150623197144,1208.5044352502384,890.0581671337982
2026-06-30,2026-06-30,GNB,4.44,120.292167,0.36267740400885984,1385.0186009027962,1020.0600687994182
2026-06-30,2026-06-30,Interbank,0.1,120.292167,0.008329516327321151,1016.778067466721,748.8525459353266
2026-06-30,2026-06-30,Pichincha,2.24,120.292167,0.1847772084249577,1218.1925577005518,897.1934264341153
2026-06-30,2026-06-30,Ripley,0.14,120.292167,0.011659187244639213,1029.169773694555,757.9789827204119
2026-06-30,2026-06-30,Scotiabank,1.46,120.292167,0.12086002819180486,1137.2126605310589,837.5520906251675
2026-07-31,2026-07-31,Alfin,1.6,120.635759,0.1323654354508319,1085.742199769598,797.3667954968214
2026-07-31,2026-07-31,BBVA,0.3,120.635759,0.024965690741618474,1028.9969111898101,755.6931745175414
2026-07-31,2026-07-31,BIF,1.28,120.635759,0.10604595907135472,1144.8692651613944,840.7895883739817
2026-07-31,2026-07-31,Bancom,1.19,120.635759,0.0986298719130696,1117.3756706011156,820.5983501630413
2026-07-31,2026-07-31,Citibank,0.02,120.635759,0.0016665139084048874,1019.3061419354228,748.5762938916344
2026-07-31,2026-07-31,Falabella,2.74,120.635759,0.2255150623197144,1211.2297947805298,889.5246222163712
2026-07-31,2026-07-31,GNB,4.38,120.635759,0.35787133767835044,1389.9751854969409,1020.7948624590522
2026-07-31,2026-07-31,Interbank,0.09,120.635759,0.0074969080277487166,1016.8542943832855,746.7756621890909
2026-07-31,2026-07-31,Pichincha,2.06,120.635759,0.17006686367058155,1220.2642995769015,896.1595436000223
2026-07-31,2026-07-31,Ripley,0.12,120.635759,0.009994504212973432,1029.2726341109458,755.8956648528324
2026-07-31,2026-07-31,Scotiabank,1.5,120.635759,0.12414877164492744,1138.6244960800989,836.20344305143
2026-08-31,2026-08-31,Alfin,1.89,120.716351,0.15615190697231274,1087.4376069193415,798.0787339794031
2026-08-31,2026-08-31,BBVA,0.84,120.716351,0.06973193751587115,1029.7144506729612,755.7152703974199
2026-08-31,2026-08-31,BIF,1.58,120.716351,0.13072269593599195,1146.365869129756,841.3266339979853
2026-08-31,2026-08-31,Bancom,1.23,120.716351,0.10192665680117674,1118.514574266069,820.8863567783405
2026-08-31,2026-08-31,Citibank,0.01,120.716351,0.0008332951413336787,1019.3146357639788,748.0827671040182
2026-08-31,2026-08-31,Falabella,2.74,120.716351,0.2255150623197144,1213.9613004070638,890.9354353428397
2026-08-31,2026-08-31,GNB,4.12,120.716351,0.3370157431537901,1394.6596206979966,1023.5513075293245
2026-08-31,2026-08-31,Interbank,0.09,120.716351,0.0074969080277487166,1016.9305270145114,746.3330515522134
2026-08-31,2026-08-31,Pichincha,1.99,120.716351,0.16433975062259965,1222.2696788837627,897.0330175249477
2026-08-31,2026-08-31,Ripley,0.16,120.716351,0.01332356553898073,1029.4097699249262,755.4916628781357
2026-08-31,2026-08-31,Scotiabank,1.49,120.716351,0.12332669717645128,1140.0287240643565,836.6757550154516
